HITId,HITTypeId,Title,Description,Keywords,Reward,CreationTime,MaxAssignments,RequesterAnnotation,AssignmentDurationInSeconds,AutoApprovalDelayInSeconds,Expiration,NumberOfSimilarHITs,LifetimeInSeconds,AssignmentId,WorkerId,AssignmentStatus,AcceptTime,SubmitTime,AutoApprovalTime,ApprovalTime,RejectionTime,RequesterFeedback,WorkTimeInSeconds,LifetimeApprovalRate,Last30DaysApprovalRate,Last7DaysApprovalRate,Answer.taskAnswers,Approve,Reject
3PR3LXCWTKKLDKW8A0QZ8UHLZG3X9S,3HFGFN16M2MFHQNO7TA5WKQIKT2ET9,Design a layout for a bar chart,"Given a bar chart, please design a layout","Chart, Layout",$0.03,Mon Aug 24 01:37:48 PDT 2020,50,BatchId:4161802;OriginalHitTemplateId:928390912;,300,259200,Mon Aug 31 01:37:48 PDT 2020,,,30BUDKLTXJGWTH1927SSX8NYQCU5EO,A2TZHR6NA8ESUB,Submitted,Mon Aug 24 02:10:57 PDT 2020,Mon Aug 24 02:11:38 PDT 2020,Thu Aug 27 02:11:38 PDT 2020,,,,41,0% (0/0),0% (0/0),0% (0/0),"[{""band"":0.6,""data"":""[{\""hits86\"":37,\""NAME\"":\""Ne\""},{\""hits86\"":81,\""NAME\"":\""As\""},{\""hits86\"":159,\""NAME\"":\""Tr\""},{\""hits86\"":60,\""NAME\"":\""Wi\""},{\""hits86\"":169,\""NAME\"":\""Gr\""},{\""hits86\"":130,\""NAME\"":\""Da\""},{\""hits86\"":92,\""NAME\"":\""Th\""},{\""hits86\"":87,\""NAME\"":\""Ga\""},{\""hits86\"":66,\""NAME\"":\""Al\""},{\""hits86\"":113,\""NAME\"":\""Va\""},{\""hits86\"":73,\""NAME\"":\""Sa\""},{\""hits86\"":92,\""NAME\"":\""Bo\""},{\""hits86\"":98,\""NAME\"":\""Og\""},{\""hits86\"":168,\""NAME\"":\""Bu\""},{\""hits86\"":152,\""NAME\"":\""Do\""},{\""hits86\"":106,\""NAME\"":\""Ma\""},{\""hits86\"":54,\""NAME\"":\""Ru\""},{\""hits86\"":46,\""NAME\"":\""Sc\""},{\""hits86\"":39,\""NAME\"":\""Be\""},{\""hits86\"":108,\""NAME\"":\""Ha\""},{\""hits86\"":41,\""NAME\"":\""Ro\""},{\""hits86\"":129,\""NAME\"":\""Di\""}]"",""history"":""[[900,0.1],[900,0.9],[900,0.7],[900,0.7],[900,0.7],[900,0.6]]"",""width"":900}]",,
3PR3LXCWTKKLDKW8A0QZ8UHLZG3X9S,3HFGFN16M2MFHQNO7TA5WKQIKT2ET9,Design a layout for a bar chart,"Given a bar chart, please design a layout","Chart, Layout",$0.03,Mon Aug 24 01:37:48 PDT 2020,50,BatchId:4161802;OriginalHitTemplateId:928390912;,300,259200,Mon Aug 31 01:37:48 PDT 2020,,,30LB5CDZNIVV95641O0T1NSPX9M0ZW,A1ZRMGT9H6JDXF,Submitted,Mon Aug 24 01:43:40 PDT 2020,Mon Aug 24 01:44:15 PDT 2020,Thu Aug 27 01:44:15 PDT 2020,,,,35,0% (0/0),0% (0/0),0% (0/0),"[{""band"":0.5,""data"":""[{\""hits86\"":37,\""NAME\"":\""Ne\""},{\""hits86\"":81,\""NAME\"":\""As\""},{\""hits86\"":159,\""NAME\"":\""Tr\""},{\""hits86\"":60,\""NAME\"":\""Wi\""},{\""hits86\"":169,\""NAME\"":\""Gr\""},{\""hits86\"":130,\""NAME\"":\""Da\""},{\""hits86\"":92,\""NAME\"":\""Th\""},{\""hits86\"":87,\""NAME\"":\""Ga\""},{\""hits86\"":66,\""NAME\"":\""Al\""},{\""hits86\"":113,\""NAME\"":\""Va\""},{\""hits86\"":73,\""NAME\"":\""Sa\""}]"",""history"":""[[600,0.1],[500,0.1],[400,0.1],[400,0.4],[400,0.5],[500,0.5],[500,0.6],[500,0.7],[500,0.5],[400,0.5]]"",""width"":400}]",,
3PR3LXCWTKKLDKW8A0QZ8UHLZG3X9S,3HFGFN16M2MFHQNO7TA5WKQIKT2ET9,Design a layout for a bar chart,"Given a bar chart, please design a layout","Chart, Layout",$0.03,Mon Aug 24 01:37:48 PDT 2020,50,BatchId:4161802;OriginalHitTemplateId:928390912;,300,259200,Mon Aug 31 01:37:48 PDT 2020,,,31N2WW6R9XBLLGE1JZO50TAEOHJ3FF,A27N1K62DUR11W,Submitted,Mon Aug 24 02:17:45 PDT 2020,Mon Aug 24 02:18:10 PDT 2020,Thu Aug 27 02:18:10 PDT 2020,,,,25,0% (0/0),0% (0/0),0% (0/0),"[{""band"":0.30000000000000004,""data"":""[{\""hits86\"":37,\""NAME\"":\""Ne\""},{\""hits86\"":81,\""NAME\"":\""As\""},{\""hits86\"":159,\""NAME\"":\""Tr\""},{\""hits86\"":60,\""NAME\"":\""Wi\""},{\""hits86\"":169,\""NAME\"":\""Gr\""},{\""hits86\"":130,\""NAME\"":\""Da\""},{\""hits86\"":92,\""NAME\"":\""Th\""},{\""hits86\"":87,\""NAME\"":\""Ga\""},{\""hits86\"":66,\""NAME\"":\""Al\""},{\""hits86\"":113,\""NAME\"":\""Va\""},{\""hits86\"":73,\""NAME\"":\""Sa\""},{\""hits86\"":92,\""NAME\"":\""Bo\""},{\""hits86\"":98,\""NAME\"":\""Og\""},{\""hits86\"":168,\""NAME\"":\""Bu\""},{\""hits86\"":152,\""NAME\"":\""Do\""},{\""hits86\"":106,\""NAME\"":\""Ma\""},{\""hits86\"":54,\""NAME\"":\""Ru\""},{\""hits86\"":46,\""NAME\"":\""Sc\""},{\""hits86\"":39,\""NAME\"":\""Be\""},{\""hits86\"":108,\""NAME\"":\""Ha\""},{\""hits86\"":41,\""NAME\"":\""Ro\""},{\""hits86\"":129,\""NAME\"":\""Di\""},{\""hits86\"":116,\""NAME\"":\""Br\""},{\""hits86\"":73,\""NAME\"":\""De\""}]"",""history"":""[[600,0.1],[600,0.2],[600,0.30000000000000004],[700,0.30000000000000004],[600,0.30000000000000004]]"",""width"":600}]",,
3PR3LXCWTKKLDKW8A0QZ8UHLZG3X9S,3HFGFN16M2MFHQNO7TA5WKQIKT2ET9,Design a layout for a bar chart,"Given a bar chart, please design a layout","Chart, Layout",$0.03,Mon Aug 24 01:37:48 PDT 2020,50,BatchId:4161802;OriginalHitTemplateId:928390912;,300,259200,Mon Aug 31 01:37:48 PDT 2020,,,320DUZ38GD72KUCLX4MAYLRFLSYGJU,A1JS4BYFD7KECR,Submitted,Mon Aug 24 01:38:39 PDT 2020,Mon Aug 24 01:38:51 PDT 2020,Thu Aug 27 01:38:51 PDT 2020,,,,12,0% (0/0),0% (0/0),0% (0/0),"[{""band"":0.7,""data"":""[{\""hits86\"":37,\""NAME\"":\""Ne\""},{\""hits86\"":81,\""NAME\"":\""As\""},{\""hits86\"":159,\""NAME\"":\""Tr\""},{\""hits86\"":60,\""NAME\"":\""Wi\""},{\""hits86\"":169,\""NAME\"":\""Gr\""},{\""hits86\"":130,\""NAME\"":\""Da\""},{\""hits86\"":92,\""NAME\"":\""Th\""},{\""hits86\"":87,\""NAME\"":\""Ga\""},{\""hits86\"":66,\""NAME\"":\""Al\""},{\""hits86\"":113,\""NAME\"":\""Va\""},{\""hits86\"":73,\""NAME\"":\""Sa\""},{\""hits86\"":92,\""NAME\"":\""Bo\""},{\""hits86\"":98,\""NAME\"":\""Og\""},{\""hits86\"":168,\""NAME\"":\""Bu\""},{\""hits86\"":152,\""NAME\"":\""Do\""},{\""hits86\"":106,\""NAME\"":\""Ma\""},{\""hits86\"":54,\""NAME\"":\""Ru\""},{\""hits86\"":46,\""NAME\"":\""Sc\""}]"",""history"":""[[800,0.1],[800,0.7]]"",""width"":800}]",,
3PR3LXCWTKKLDKW8A0QZ8UHLZG3X9S,3HFGFN16M2MFHQNO7TA5WKQIKT2ET9,Design a layout for a bar chart,"Given a bar chart, please design a layout","Chart, Layout",$0.03,Mon Aug 24 01:37:48 PDT 2020,50,BatchId:4161802;OriginalHitTemplateId:928390912;,300,259200,Mon Aug 31 01:37:48 PDT 2020,,,333U7HK6IF0Z8A2UVEL2S0OI81LJDS,A1M8UZPR1XG9Z9,Submitted,Mon Aug 24 01:57:56 PDT 2020,Mon Aug 24 01:58:43 PDT 2020,Thu Aug 27 01:58:43 PDT 2020,,,,47,0% (0/0),0% (0/0),0% (0/0),"[{""band"":0.7,""data"":""[{\""hits86\"":37,\""NAME\"":\""Ne\""},{\""hits86\"":81,\""NAME\"":\""As\""},{\""hits86\"":159,\""NAME\"":\""Tr\""},{\""hits86\"":60,\""NAME\"":\""Wi\""},{\""hits86\"":169,\""NAME\"":\""Gr\""},{\""hits86\"":130,\""NAME\"":\""Da\""},{\""hits86\"":92,\""NAME\"":\""Th\""},{\""hits86\"":87,\""NAME\"":\""Ga\""},{\""hits86\"":66,\""NAME\"":\""Al\""},{\""hits86\"":113,\""NAME\"":\""Va\""},{\""hits86\"":73,\""NAME\"":\""Sa\""},{\""hits86\"":92,\""NAME\"":\""Bo\""},{\""hits86\"":98,\""NAME\"":\""Og\""},{\""hits86\"":168,\""NAME\"":\""Bu\""}]"",""history"":""[[800,0.1],[600,0.1],[600,0.7],[400,0.7],[600,0.7]]"",""width"":600}]",,
3PR3LXCWTKKLDKW8A0QZ8UHLZG3X9S,3HFGFN16M2MFHQNO7TA5WKQIKT2ET9,Design a layout for a bar chart,"Given a bar chart, please design a layout","Chart, Layout",$0.03,Mon Aug 24 01:37:48 PDT 2020,50,BatchId:4161802;OriginalHitTemplateId:928390912;,300,259200,Mon Aug 31 01:37:48 PDT 2020,,,33PPUNGG3EQJ9ZQ3V1J8LJTC60TRZV,AJ43O59MBI55L,Submitted,Mon Aug 24 02:19:58 PDT 2020,Mon Aug 24 02:20:52 PDT 2020,Thu Aug 27 02:20:52 PDT 2020,,,,54,0% (0/0),0% (0/0),0% (0/0),"[{""band"":0.6,""data"":""[{\""hits86\"":37,\""NAME\"":\""Ne\""},{\""hits86\"":81,\""NAME\"":\""As\""},{\""hits86\"":159,\""NAME\"":\""Tr\""},{\""hits86\"":60,\""NAME\"":\""Wi\""},{\""hits86\"":169,\""NAME\"":\""Gr\""},{\""hits86\"":130,\""NAME\"":\""Da\""},{\""hits86\"":92,\""NAME\"":\""Th\""},{\""hits86\"":87,\""NAME\"":\""Ga\""},{\""hits86\"":66,\""NAME\"":\""Al\""},{\""hits86\"":113,\""NAME\"":\""Va\""},{\""hits86\"":73,\""NAME\"":\""Sa\""},{\""hits86\"":92,\""NAME\"":\""Bo\""},{\""hits86\"":98,\""NAME\"":\""Og\""},{\""hits86\"":168,\""NAME\"":\""Bu\""},{\""hits86\"":152,\""NAME\"":\""Do\""},{\""hits86\"":106,\""NAME\"":\""Ma\""},{\""hits86\"":54,\""NAME\"":\""Ru\""},{\""hits86\"":46,\""NAME\"":\""Sc\""},{\""hits86\"":39,\""NAME\"":\""Be\""},{\""hits86\"":108,\""NAME\"":\""Ha\""},{\""hits86\"":41,\""NAME\"":\""Ro\""},{\""hits86\"":129,\""NAME\"":\""Di\""},{\""hits86\"":116,\""NAME\"":\""Br\""},{\""hits86\"":73,\""NAME\"":\""De\""},{\""hits86\"":141,\""NAME\"":\""Ho\""},{\""hits86\"":49,\""NAME\"":\""Ke\""},{\""hits86\"":60,\""NAME\"":\""Me\""},{\""hits86\"":168,\""NAME\"":\""Ja\""},{\""hits86\"":46,\""NAME\"":\""Bi\""}]"",""history"":""[[500,0.1],[600,0.1],[700,0.1],[700,0.2],[700,0.5],[700,0.6],[800,0.6],[1000,0.6],[900,0.6],[800,0.6],[1000,0.6],[900,0.6],[900,0.6],[900,0.7],[900,0.7999999999999999],[900,0.9],[900,0.7],[900,0.6]]"",""width"":900}]",,
3PR3LXCWTKKLDKW8A0QZ8UHLZG3X9S,3HFGFN16M2MFHQNO7TA5WKQIKT2ET9,Design a layout for a bar chart,"Given a bar chart, please design a layout","Chart, Layout",$0.03,Mon Aug 24 01:37:48 PDT 2020,50,BatchId:4161802;OriginalHitTemplateId:928390912;,300,259200,Mon Aug 31 01:37:48 PDT 2020,,,34V1S5K3GYMBHPA6ZFMBX00NVAO69U,A3DTLM6EVD4EVV,Submitted,Mon Aug 24 02:07:46 PDT 2020,Mon Aug 24 02:08:43 PDT 2020,Thu Aug 27 02:08:43 PDT 2020,,,,57,0% (0/0),0% (0/0),0% (0/0),"[{""band"":0.5,""data"":""[{\""hits86\"":37,\""NAME\"":\""Ne\""},{\""hits86\"":81,\""NAME\"":\""As\""},{\""hits86\"":159,\""NAME\"":\""Tr\""},{\""hits86\"":60,\""NAME\"":\""Wi\""},{\""hits86\"":169,\""NAME\"":\""Gr\""},{\""hits86\"":130,\""NAME\"":\""Da\""},{\""hits86\"":92,\""NAME\"":\""Th\""},{\""hits86\"":87,\""NAME\"":\""Ga\""},{\""hits86\"":66,\""NAME\"":\""Al\""},{\""hits86\"":113,\""NAME\"":\""Va\""},{\""hits86\"":73,\""NAME\"":\""Sa\""},{\""hits86\"":92,\""NAME\"":\""Bo\""},{\""hits86\"":98,\""NAME\"":\""Og\""},{\""hits86\"":168,\""NAME\"":\""Bu\""},{\""hits86\"":152,\""NAME\"":\""Do\""}]"",""history"":""[[400,0.1],[500,0.1],[500,0.2],[500,0.4],[500,0.4],[500,0.4],[500,0.4],[500,0.4],[500,0.4],[500,0.4],[500,0.4],[500,0.4],[500,0.5],[500,0.5],[500,0.5]]"",""width"":500}]",,
3PR3LXCWTKKLDKW8A0QZ8UHLZG3X9S,3HFGFN16M2MFHQNO7TA5WKQIKT2ET9,Design a layout for a bar chart,"Given a bar chart, please design a layout","Chart, Layout",$0.03,Mon Aug 24 01:37:48 PDT 2020,50,BatchId:4161802;OriginalHitTemplateId:928390912;,300,259200,Mon Aug 31 01:37:48 PDT 2020,,,36V4Q8R5ZQLJYRCK3X4E8RNYVA8QMB,A2O8EA6FYXYEQI,Submitted,Mon Aug 24 02:16:16 PDT 2020,Mon Aug 24 02:18:19 PDT 2020,Thu Aug 27 02:18:19 PDT 2020,,,,123,0% (0/0),0% (0/0),0% (0/0),"[{""band"":0.7999999999999999,""data"":""[{\""hits86\"":37,\""NAME\"":\""Ne\""},{\""hits86\"":81,\""NAME\"":\""As\""},{\""hits86\"":159,\""NAME\"":\""Tr\""},{\""hits86\"":60,\""NAME\"":\""Wi\""},{\""hits86\"":169,\""NAME\"":\""Gr\""},{\""hits86\"":130,\""NAME\"":\""Da\""},{\""hits86\"":92,\""NAME\"":\""Th\""},{\""hits86\"":87,\""NAME\"":\""Ga\""},{\""hits86\"":66,\""NAME\"":\""Al\""},{\""hits86\"":113,\""NAME\"":\""Va\""},{\""hits86\"":73,\""NAME\"":\""Sa\""},{\""hits86\"":92,\""NAME\"":\""Bo\""},{\""hits86\"":98,\""NAME\"":\""Og\""},{\""hits86\"":168,\""NAME\"":\""Bu\""},{\""hits86\"":152,\""NAME\"":\""Do\""},{\""hits86\"":106,\""NAME\"":\""Ma\""},{\""hits86\"":54,\""NAME\"":\""Ru\""},{\""hits86\"":46,\""NAME\"":\""Sc\""},{\""hits86\"":39,\""NAME\"":\""Be\""}]"",""history"":""[[300,0.1],[400,0.1],[600,0.1],[600,0.1],[700,0.1],[700,0.30000000000000004],[700,0.30000000000000004],[700,0.30000000000000004],[700,0.4],[700,0.5],[700,0.5],[700,0.7],[700,0.7],[700,0.7999999999999999],[700,0.7999999999999999],[700,0.9],[700,0.9],[700,0.9],[700,1],[700,1],[700,1],[700,1],[700,0.9],[700,0.9],[700,0.9],[700,0.9],[700,0.9],[700,0.9],[1100,0.9],[1000,0.9],[800,0.9],[700,0.9],[800,0.9],[700,0.9],[700,0.7999999999999999]]"",""width"":700}]",,
3PR3LXCWTKKLDKW8A0QZ8UHLZG3X9S,3HFGFN16M2MFHQNO7TA5WKQIKT2ET9,Design a layout for a bar chart,"Given a bar chart, please design a layout","Chart, Layout",$0.03,Mon Aug 24 01:37:48 PDT 2020,50,BatchId:4161802;OriginalHitTemplateId:928390912;,300,259200,Mon Aug 31 01:37:48 PDT 2020,,,37WLF8U1WVBVYLTX3CD0N9E364ZK61,A23YLK4PAMLXM7,Submitted,Mon Aug 24 02:04:02 PDT 2020,Mon Aug 24 02:04:39 PDT 2020,Thu Aug 27 02:04:39 PDT 2020,,,,37,0% (0/0),0% (0/0),0% (0/0),"[{""band"":0.4,""data"":""[{\""hits86\"":37,\""NAME\"":\""Ne\""},{\""hits86\"":81,\""NAME\"":\""As\""},{\""hits86\"":159,\""NAME\"":\""Tr\""},{\""hits86\"":60,\""NAME\"":\""Wi\""},{\""hits86\"":169,\""NAME\"":\""Gr\""},{\""hits86\"":130,\""NAME\"":\""Da\""},{\""hits86\"":92,\""NAME\"":\""Th\""},{\""hits86\"":87,\""NAME\"":\""Ga\""},{\""hits86\"":66,\""NAME\"":\""Al\""},{\""hits86\"":113,\""NAME\"":\""Va\""},{\""hits86\"":73,\""NAME\"":\""Sa\""},{\""hits86\"":92,\""NAME\"":\""Bo\""},{\""hits86\"":98,\""NAME\"":\""Og\""},{\""hits86\"":168,\""NAME\"":\""Bu\""},{\""hits86\"":152,\""NAME\"":\""Do\""},{\""hits86\"":106,\""NAME\"":\""Ma\""},{\""hits86\"":54,\""NAME\"":\""Ru\""},{\""hits86\"":46,\""NAME\"":\""Sc\""},{\""hits86\"":39,\""NAME\"":\""Be\""}]"",""history"":""[[600,0.1],[500,0.1],[500,0.30000000000000004],[500,0.30000000000000004],[500,0.30000000000000004],[500,0.7999999999999999],[500,0.5],[500,0.30000000000000004],[500,0.4],[500,0.5],[500,0.4],[700,0.4],[500,0.4],[400,0.4],[500,0.4],[600,0.4],[500,0.4],[500,0.4]]"",""width"":500}]",,
3PR3LXCWTKKLDKW8A0QZ8UHLZG3X9S,3HFGFN16M2MFHQNO7TA5WKQIKT2ET9,Design a layout for a bar chart,"Given a bar chart, please design a layout","Chart, Layout",$0.03,Mon Aug 24 01:37:48 PDT 2020,50,BatchId:4161802;OriginalHitTemplateId:928390912;,300,259200,Mon Aug 31 01:37:48 PDT 2020,,,39O5D9O87ZDEI4URSXY4SNPBR3K3CV,A16P7DW4CB4JPM,Submitted,Mon Aug 24 01:38:41 PDT 2020,Mon Aug 24 01:39:07 PDT 2020,Thu Aug 27 01:39:07 PDT 2020,,,,26,100% (16/16),100% (16/16),0% (0/0),"[{""band"":0.4,""data"":""[{\""hits86\"":37,\""NAME\"":\""Ne\""},{\""hits86\"":81,\""NAME\"":\""As\""},{\""hits86\"":159,\""NAME\"":\""Tr\""},{\""hits86\"":60,\""NAME\"":\""Wi\""},{\""hits86\"":169,\""NAME\"":\""Gr\""},{\""hits86\"":130,\""NAME\"":\""Da\""},{\""hits86\"":92,\""NAME\"":\""Th\""},{\""hits86\"":87,\""NAME\"":\""Ga\""},{\""hits86\"":66,\""NAME\"":\""Al\""},{\""hits86\"":113,\""NAME\"":\""Va\""},{\""hits86\"":73,\""NAME\"":\""Sa\""},{\""hits86\"":92,\""NAME\"":\""Bo\""},{\""hits86\"":98,\""NAME\"":\""Og\""},{\""hits86\"":168,\""NAME\"":\""Bu\""},{\""hits86\"":152,\""NAME\"":\""Do\""},{\""hits86\"":106,\""NAME\"":\""Ma\""},{\""hits86\"":54,\""NAME\"":\""Ru\""},{\""hits86\"":46,\""NAME\"":\""Sc\""},{\""hits86\"":39,\""NAME\"":\""Be\""},{\""hits86\"":108,\""NAME\"":\""Ha\""},{\""hits86\"":41,\""NAME\"":\""Ro\""}]"",""history"":""[[400,0.1],[400,0.30000000000000004],[400,0.30000000000000004],[400,0.5],[400,0.4]]"",""width"":400}]",,
3PR3LXCWTKKLDKW8A0QZ8UHLZG3X9S,3HFGFN16M2MFHQNO7TA5WKQIKT2ET9,Design a layout for a bar chart,"Given a bar chart, please design a layout","Chart, Layout",$0.03,Mon Aug 24 01:37:48 PDT 2020,50,BatchId:4161802;OriginalHitTemplateId:928390912;,300,259200,Mon Aug 31 01:37:48 PDT 2020,,,3A9AA95AT270Q8QZBL83RKM24IRP5M,A2LBOHTFL8TWS3,Submitted,Mon Aug 24 01:46:55 PDT 2020,Mon Aug 24 01:47:27 PDT 2020,Thu Aug 27 01:47:27 PDT 2020,,,,32,100% (9/9),100% (9/9),0% (0/0),"[{""band"":0.2,""data"":""[{\""hits86\"":37,\""NAME\"":\""Ne\""},{\""hits86\"":81,\""NAME\"":\""As\""},{\""hits86\"":159,\""NAME\"":\""Tr\""},{\""hits86\"":60,\""NAME\"":\""Wi\""},{\""hits86\"":169,\""NAME\"":\""Gr\""},{\""hits86\"":130,\""NAME\"":\""Da\""},{\""hits86\"":92,\""NAME\"":\""Th\""},{\""hits86\"":87,\""NAME\"":\""Ga\""},{\""hits86\"":66,\""NAME\"":\""Al\""},{\""hits86\"":113,\""NAME\"":\""Va\""},{\""hits86\"":73,\""NAME\"":\""Sa\""},{\""hits86\"":92,\""NAME\"":\""Bo\""},{\""hits86\"":98,\""NAME\"":\""Og\""},{\""hits86\"":168,\""NAME\"":\""Bu\""},{\""hits86\"":152,\""NAME\"":\""Do\""},{\""hits86\"":106,\""NAME\"":\""Ma\""},{\""hits86\"":54,\""NAME\"":\""Ru\""},{\""hits86\"":46,\""NAME\"":\""Sc\""},{\""hits86\"":39,\""NAME\"":\""Be\""},{\""hits86\"":108,\""NAME\"":\""Ha\""},{\""hits86\"":41,\""NAME\"":\""Ro\""},{\""hits86\"":129,\""NAME\"":\""Di\""},{\""hits86\"":116,\""NAME\"":\""Br\""}]"",""history"":""[[400,0.1],[500,0.1],[500,0.2]]"",""width"":500}]",,
3PR3LXCWTKKLDKW8A0QZ8UHLZG3X9S,3HFGFN16M2MFHQNO7TA5WKQIKT2ET9,Design a layout for a bar chart,"Given a bar chart, please design a layout","Chart, Layout",$0.03,Mon Aug 24 01:37:48 PDT 2020,50,BatchId:4161802;OriginalHitTemplateId:928390912;,300,259200,Mon Aug 31 01:37:48 PDT 2020,,,3CPLWGV3MUKJOAGYYW8SZBM9Q0FN9N,A3OD2Y6GYVDBSB,Submitted,Mon Aug 24 02:18:46 PDT 2020,Mon Aug 24 02:20:04 PDT 2020,Thu Aug 27 02:20:04 PDT 2020,,,,78,0% (0/0),0% (0/0),0% (0/0),"[{""band"":0.7,""data"":""[{\""hits86\"":37,\""NAME\"":\""Ne\""},{\""hits86\"":81,\""NAME\"":\""As\""},{\""hits86\"":159,\""NAME\"":\""Tr\""},{\""hits86\"":60,\""NAME\"":\""Wi\""},{\""hits86\"":169,\""NAME\"":\""Gr\""},{\""hits86\"":130,\""NAME\"":\""Da\""},{\""hits86\"":92,\""NAME\"":\""Th\""},{\""hits86\"":87,\""NAME\"":\""Ga\""},{\""hits86\"":66,\""NAME\"":\""Al\""},{\""hits86\"":113,\""NAME\"":\""Va\""},{\""hits86\"":73,\""NAME\"":\""Sa\""},{\""hits86\"":92,\""NAME\"":\""Bo\""},{\""hits86\"":98,\""NAME\"":\""Og\""},{\""hits86\"":168,\""NAME\"":\""Bu\""},{\""hits86\"":152,\""NAME\"":\""Do\""},{\""hits86\"":106,\""NAME\"":\""Ma\""},{\""hits86\"":54,\""NAME\"":\""Ru\""}]"",""history"":""[[900,0.1],[800,0.1],[600,0.1],[500,0.1],[500,0.7999999999999999],[500,0.7999999999999999],[500,0.6],[500,0.6],[500,0.5],[600,0.5],[700,0.5],[800,0.5],[700,0.5],[700,0.5],[700,0.5],[800,0.5],[800,0.5],[800,0.4],[800,0.30000000000000004],[800,0.5],[800,0.5],[800,0.7],[800,0.7]]"",""width"":800}]",,
3PR3LXCWTKKLDKW8A0QZ8UHLZG3X9S,3HFGFN16M2MFHQNO7TA5WKQIKT2ET9,Design a layout for a bar chart,"Given a bar chart, please design a layout","Chart, Layout",$0.03,Mon Aug 24 01:37:48 PDT 2020,50,BatchId:4161802;OriginalHitTemplateId:928390912;,300,259200,Mon Aug 31 01:37:48 PDT 2020,,,3DH6GAKTY4AS602P9WB2TFM99M1YZV,A35K2S1BUPIBG7,Submitted,Mon Aug 24 01:40:59 PDT 2020,Mon Aug 24 01:41:25 PDT 2020,Thu Aug 27 01:41:25 PDT 2020,,,,26,100% (1/1),100% (1/1),0% (0/0),"[{""band"":0.6,""data"":""[{\""hits86\"":37,\""NAME\"":\""Ne\""},{\""hits86\"":81,\""NAME\"":\""As\""},{\""hits86\"":159,\""NAME\"":\""Tr\""},{\""hits86\"":60,\""NAME\"":\""Wi\""},{\""hits86\"":169,\""NAME\"":\""Gr\""},{\""hits86\"":130,\""NAME\"":\""Da\""},{\""hits86\"":92,\""NAME\"":\""Th\""},{\""hits86\"":87,\""NAME\"":\""Ga\""},{\""hits86\"":66,\""NAME\"":\""Al\""},{\""hits86\"":113,\""NAME\"":\""Va\""}]"",""history"":""[[700,0.1],[700,0.5],[600,0.5],[600,0.5],[400,0.5],[400,0.5],[400,0.6]]"",""width"":400}]",,
3PR3LXCWTKKLDKW8A0QZ8UHLZG3X9S,3HFGFN16M2MFHQNO7TA5WKQIKT2ET9,Design a layout for a bar chart,"Given a bar chart, please design a layout","Chart, Layout",$0.03,Mon Aug 24 01:37:48 PDT 2020,50,BatchId:4161802;OriginalHitTemplateId:928390912;,300,259200,Mon Aug 31 01:37:48 PDT 2020,,,3E1QT0TDFVURW4MXWOPMU7VHKUW8IU,A5GMIA9XD9KKZ,Submitted,Mon Aug 24 01:38:28 PDT 2020,Mon Aug 24 01:39:54 PDT 2020,Thu Aug 27 01:39:54 PDT 2020,,,,86,0% (0/0),0% (0/0),0% (0/0),"[{""band"":0.5,""data"":""[{\""hits86\"":37,\""NAME\"":\""Ne\""},{\""hits86\"":81,\""NAME\"":\""As\""},{\""hits86\"":159,\""NAME\"":\""Tr\""},{\""hits86\"":60,\""NAME\"":\""Wi\""},{\""hits86\"":169,\""NAME\"":\""Gr\""},{\""hits86\"":130,\""NAME\"":\""Da\""},{\""hits86\"":92,\""NAME\"":\""Th\""},{\""hits86\"":87,\""NAME\"":\""Ga\""},{\""hits86\"":66,\""NAME\"":\""Al\""},{\""hits86\"":113,\""NAME\"":\""Va\""},{\""hits86\"":73,\""NAME\"":\""Sa\""},{\""hits86\"":92,\""NAME\"":\""Bo\""},{\""hits86\"":98,\""NAME\"":\""Og\""},{\""hits86\"":168,\""NAME\"":\""Bu\""},{\""hits86\"":152,\""NAME\"":\""Do\""},{\""hits86\"":106,\""NAME\"":\""Ma\""},{\""hits86\"":54,\""NAME\"":\""Ru\""},{\""hits86\"":46,\""NAME\"":\""Sc\""},{\""hits86\"":39,\""NAME\"":\""Be\""},{\""hits86\"":108,\""NAME\"":\""Ha\""},{\""hits86\"":41,\""NAME\"":\""Ro\""},{\""hits86\"":129,\""NAME\"":\""Di\""},{\""hits86\"":116,\""NAME\"":\""Br\""}]"",""history"":""[[500,0.1],[600,0.1],[600,0.4],[600,0.5]]"",""width"":600}]",,
3PR3LXCWTKKLDKW8A0QZ8UHLZG3X9S,3HFGFN16M2MFHQNO7TA5WKQIKT2ET9,Design a layout for a bar chart,"Given a bar chart, please design a layout","Chart, Layout",$0.03,Mon Aug 24 01:37:48 PDT 2020,50,BatchId:4161802;OriginalHitTemplateId:928390912;,300,259200,Mon Aug 31 01:37:48 PDT 2020,,,3EKVH9QME4PZ2E4MOTFATJ216PX2DK,A3UEM5PCYERMXX,Submitted,Mon Aug 24 01:42:42 PDT 2020,Mon Aug 24 01:43:13 PDT 2020,Thu Aug 27 01:43:13 PDT 2020,,,,31,0% (0/0),0% (0/0),0% (0/0),"[{""band"":0.4,""data"":""[{\""hits86\"":37,\""NAME\"":\""Ne\""},{\""hits86\"":81,\""NAME\"":\""As\""},{\""hits86\"":159,\""NAME\"":\""Tr\""},{\""hits86\"":60,\""NAME\"":\""Wi\""},{\""hits86\"":169,\""NAME\"":\""Gr\""},{\""hits86\"":130,\""NAME\"":\""Da\""},{\""hits86\"":92,\""NAME\"":\""Th\""},{\""hits86\"":87,\""NAME\"":\""Ga\""},{\""hits86\"":66,\""NAME\"":\""Al\""},{\""hits86\"":113,\""NAME\"":\""Va\""},{\""hits86\"":73,\""NAME\"":\""Sa\""},{\""hits86\"":92,\""NAME\"":\""Bo\""},{\""hits86\"":98,\""NAME\"":\""Og\""},{\""hits86\"":168,\""NAME\"":\""Bu\""},{\""hits86\"":152,\""NAME\"":\""Do\""},{\""hits86\"":106,\""NAME\"":\""Ma\""},{\""hits86\"":54,\""NAME\"":\""Ru\""},{\""hits86\"":46,\""NAME\"":\""Sc\""},{\""hits86\"":39,\""NAME\"":\""Be\""},{\""hits86\"":108,\""NAME\"":\""Ha\""},{\""hits86\"":41,\""NAME\"":\""Ro\""}]"",""history"":""[[700,0.1],[700,0.4]]"",""width"":700}]",,
3PR3LXCWTKKLDKW8A0QZ8UHLZG3X9S,3HFGFN16M2MFHQNO7TA5WKQIKT2ET9,Design a layout for a bar chart,"Given a bar chart, please design a layout","Chart, Layout",$0.03,Mon Aug 24 01:37:48 PDT 2020,50,BatchId:4161802;OriginalHitTemplateId:928390912;,300,259200,Mon Aug 31 01:37:48 PDT 2020,,,3F6HPJW4JJLYBK4D5OK0L7RMD692W1,A2VI9FFULI58OZ,Submitted,Mon Aug 24 02:16:44 PDT 2020,Mon Aug 24 02:20:17 PDT 2020,Thu Aug 27 02:20:17 PDT 2020,,,,213,0% (0/0),0% (0/0),0% (0/0),"[{""band"":0.6,""data"":""[{\""hits86\"":37,\""NAME\"":\""Ne\""},{\""hits86\"":81,\""NAME\"":\""As\""},{\""hits86\"":159,\""NAME\"":\""Tr\""},{\""hits86\"":60,\""NAME\"":\""Wi\""},{\""hits86\"":169,\""NAME\"":\""Gr\""},{\""hits86\"":130,\""NAME\"":\""Da\""},{\""hits86\"":92,\""NAME\"":\""Th\""},{\""hits86\"":87,\""NAME\"":\""Ga\""},{\""hits86\"":66,\""NAME\"":\""Al\""},{\""hits86\"":113,\""NAME\"":\""Va\""},{\""hits86\"":73,\""NAME\"":\""Sa\""},{\""hits86\"":92,\""NAME\"":\""Bo\""},{\""hits86\"":98,\""NAME\"":\""Og\""},{\""hits86\"":168,\""NAME\"":\""Bu\""},{\""hits86\"":152,\""NAME\"":\""Do\""},{\""hits86\"":106,\""NAME\"":\""Ma\""},{\""hits86\"":54,\""NAME\"":\""Ru\""},{\""hits86\"":46,\""NAME\"":\""Sc\""},{\""hits86\"":39,\""NAME\"":\""Be\""},{\""hits86\"":108,\""NAME\"":\""Ha\""},{\""hits86\"":41,\""NAME\"":\""Ro\""},{\""hits86\"":129,\""NAME\"":\""Di\""},{\""hits86\"":116,\""NAME\"":\""Br\""},{\""hits86\"":73,\""NAME\"":\""De\""},{\""hits86\"":141,\""NAME\"":\""Ho\""}]"",""history"":""[[700,0.1],[800,0.1],[900,0.1],[1000,0.1],[1000,0.1],[1000,0.1],[1000,0.1],[900,0.1],[800,0.1],[800,0.5],[800,0.30000000000000004],[800,0.4],[800,0.5],[800,0.7999999999999999],[800,0.6],[800,0.5],[800,0.6],[600,0.6],[900,0.6],[1000,0.6],[1000,0.6],[1000,0.4],[1000,0.5],[1000,0.5],[1000,0.6]]"",""width"":1000}]",,
3PR3LXCWTKKLDKW8A0QZ8UHLZG3X9S,3HFGFN16M2MFHQNO7TA5WKQIKT2ET9,Design a layout for a bar chart,"Given a bar chart, please design a layout","Chart, Layout",$0.03,Mon Aug 24 01:37:48 PDT 2020,50,BatchId:4161802;OriginalHitTemplateId:928390912;,300,259200,Mon Aug 31 01:37:48 PDT 2020,,,3G5W44VEUD3XVEI3FPMMZ0RS0HYKGX,A19Q990ORTCBN4,Submitted,Mon Aug 24 01:41:34 PDT 2020,Mon Aug 24 01:42:12 PDT 2020,Thu Aug 27 01:42:12 PDT 2020,,,,38,0% (0/0),0% (0/0),0% (0/0),"[{""band"":0.5,""data"":""[{\""hits86\"":37,\""NAME\"":\""Ne\""},{\""hits86\"":81,\""NAME\"":\""As\""},{\""hits86\"":159,\""NAME\"":\""Tr\""},{\""hits86\"":60,\""NAME\"":\""Wi\""},{\""hits86\"":169,\""NAME\"":\""Gr\""},{\""hits86\"":130,\""NAME\"":\""Da\""},{\""hits86\"":92,\""NAME\"":\""Th\""},{\""hits86\"":87,\""NAME\"":\""Ga\""},{\""hits86\"":66,\""NAME\"":\""Al\""}]"",""history"":""[[500,0.1],[500,0.2],[500,0.30000000000000004],[500,0.4],[400,0.4],[400,0.5]]"",""width"":400}]",,
3PR3LXCWTKKLDKW8A0QZ8UHLZG3X9S,3HFGFN16M2MFHQNO7TA5WKQIKT2ET9,Design a layout for a bar chart,"Given a bar chart, please design a layout","Chart, Layout",$0.03,Mon Aug 24 01:37:48 PDT 2020,50,BatchId:4161802;OriginalHitTemplateId:928390912;,300,259200,Mon Aug 31 01:37:48 PDT 2020,,,3G5W44VEUD3XVEI3FPMMZ0RS0I6GK3,A26BHQZCY7GRNP,Submitted,Mon Aug 24 02:22:38 PDT 2020,Mon Aug 24 02:23:47 PDT 2020,Thu Aug 27 02:23:47 PDT 2020,,,,69,0% (0/0),0% (0/0),0% (0/0),"[{""band"":0.6,""data"":""[{\""hits86\"":37,\""NAME\"":\""Ne\""},{\""hits86\"":81,\""NAME\"":\""As\""},{\""hits86\"":159,\""NAME\"":\""Tr\""},{\""hits86\"":60,\""NAME\"":\""Wi\""},{\""hits86\"":169,\""NAME\"":\""Gr\""},{\""hits86\"":130,\""NAME\"":\""Da\""},{\""hits86\"":92,\""NAME\"":\""Th\""},{\""hits86\"":87,\""NAME\"":\""Ga\""},{\""hits86\"":66,\""NAME\"":\""Al\""},{\""hits86\"":113,\""NAME\"":\""Va\""},{\""hits86\"":73,\""NAME\"":\""Sa\""},{\""hits86\"":92,\""NAME\"":\""Bo\""},{\""hits86\"":98,\""NAME\"":\""Og\""},{\""hits86\"":168,\""NAME\"":\""Bu\""},{\""hits86\"":152,\""NAME\"":\""Do\""},{\""hits86\"":106,\""NAME\"":\""Ma\""},{\""hits86\"":54,\""NAME\"":\""Ru\""},{\""hits86\"":46,\""NAME\"":\""Sc\""},{\""hits86\"":39,\""NAME\"":\""Be\""},{\""hits86\"":108,\""NAME\"":\""Ha\""},{\""hits86\"":41,\""NAME\"":\""Ro\""},{\""hits86\"":129,\""NAME\"":\""Di\""},{\""hits86\"":116,\""NAME\"":\""Br\""},{\""hits86\"":73,\""NAME\"":\""De\""},{\""hits86\"":141,\""NAME\"":\""Ho\""},{\""hits86\"":49,\""NAME\"":\""Ke\""},{\""hits86\"":60,\""NAME\"":\""Me\""}]"",""history"":""[[1100,0.1],[600,0.1],[600,0.7],[800,1],[700,1],[700,0.9],[700,0.7999999999999999],[700,0.5],[700,0.6],[800,0.6],[800,0.7],[900,0.7],[900,0.6]]"",""width"":900}]",,
3PR3LXCWTKKLDKW8A0QZ8UHLZG3X9S,3HFGFN16M2MFHQNO7TA5WKQIKT2ET9,Design a layout for a bar chart,"Given a bar chart, please design a layout","Chart, Layout",$0.03,Mon Aug 24 01:37:48 PDT 2020,50,BatchId:4161802;OriginalHitTemplateId:928390912;,300,259200,Mon Aug 31 01:37:48 PDT 2020,,,3GDTJDAPV0WDSNCOH3NEM02Y14MM8W,A2PU0O2EMQQ058,Submitted,Mon Aug 24 02:13:59 PDT 2020,Mon Aug 24 02:14:30 PDT 2020,Thu Aug 27 02:14:30 PDT 2020,,,,31,0% (0/0),0% (0/0),0% (0/0),"[{""band"":0.6,""data"":""[{\""hits86\"":37,\""NAME\"":\""Ne\""},{\""hits86\"":81,\""NAME\"":\""As\""},{\""hits86\"":159,\""NAME\"":\""Tr\""},{\""hits86\"":60,\""NAME\"":\""Wi\""},{\""hits86\"":169,\""NAME\"":\""Gr\""}]"",""history"":""[[600,0.1],[500,0.1],[400,0.1],[300,0.1],[400,0.1],[400,0.2],[400,0.4],[400,0.7],[400,0.6],[400,0.5],[400,0.6]]"",""width"":400}]",,
3PR3LXCWTKKLDKW8A0QZ8UHLZG3X9S,3HFGFN16M2MFHQNO7TA5WKQIKT2ET9,Design a layout for a bar chart,"Given a bar chart, please design a layout","Chart, Layout",$0.03,Mon Aug 24 01:37:48 PDT 2020,50,BatchId:4161802;OriginalHitTemplateId:928390912;,300,259200,Mon Aug 31 01:37:48 PDT 2020,,,3H8DHMCCWFWUJU8CDZLETFOVNPJKDO,A35WA869I56222,Submitted,Mon Aug 24 01:48:46 PDT 2020,Mon Aug 24 01:50:00 PDT 2020,Thu Aug 27 01:50:00 PDT 2020,,,,74,0% (0/0),0% (0/0),0% (0/0),"[{""band"":0.30000000000000004,""data"":""[{\""hits86\"":37,\""NAME\"":\""Ne\""},{\""hits86\"":81,\""NAME\"":\""As\""},{\""hits86\"":159,\""NAME\"":\""Tr\""},{\""hits86\"":60,\""NAME\"":\""Wi\""},{\""hits86\"":169,\""NAME\"":\""Gr\""},{\""hits86\"":130,\""NAME\"":\""Da\""},{\""hits86\"":92,\""NAME\"":\""Th\""},{\""hits86\"":87,\""NAME\"":\""Ga\""}]"",""history"":""[[500,0.1],[500,0.5],[500,0.5],[500,0.30000000000000004]]"",""width"":500}]",,
3PR3LXCWTKKLDKW8A0QZ8UHLZG3X9S,3HFGFN16M2MFHQNO7TA5WKQIKT2ET9,Design a layout for a bar chart,"Given a bar chart, please design a layout","Chart, Layout",$0.03,Mon Aug 24 01:37:48 PDT 2020,50,BatchId:4161802;OriginalHitTemplateId:928390912;,300,259200,Mon Aug 31 01:37:48 PDT 2020,,,3J4Q2Z4UT4OF336Y7ZA1HPPPTCNWQ9,A38N05VH5344HC,Submitted,Mon Aug 24 02:19:22 PDT 2020,Mon Aug 24 02:19:53 PDT 2020,Thu Aug 27 02:19:53 PDT 2020,,,,31,0% (0/0),0% (0/0),0% (0/0),"[{""band"":0.7999999999999999,""data"":""[{\""hits86\"":37,\""NAME\"":\""Ne\""},{\""hits86\"":81,\""NAME\"":\""As\""},{\""hits86\"":159,\""NAME\"":\""Tr\""},{\""hits86\"":60,\""NAME\"":\""Wi\""},{\""hits86\"":169,\""NAME\"":\""Gr\""},{\""hits86\"":130,\""NAME\"":\""Da\""},{\""hits86\"":92,\""NAME\"":\""Th\""},{\""hits86\"":87,\""NAME\"":\""Ga\""},{\""hits86\"":66,\""NAME\"":\""Al\""},{\""hits86\"":113,\""NAME\"":\""Va\""},{\""hits86\"":73,\""NAME\"":\""Sa\""},{\""hits86\"":92,\""NAME\"":\""Bo\""},{\""hits86\"":98,\""NAME\"":\""Og\""},{\""hits86\"":168,\""NAME\"":\""Bu\""},{\""hits86\"":152,\""NAME\"":\""Do\""},{\""hits86\"":106,\""NAME\"":\""Ma\""},{\""hits86\"":54,\""NAME\"":\""Ru\""},{\""hits86\"":46,\""NAME\"":\""Sc\""},{\""hits86\"":39,\""NAME\"":\""Be\""},{\""hits86\"":108,\""NAME\"":\""Ha\""},{\""hits86\"":41,\""NAME\"":\""Ro\""},{\""hits86\"":129,\""NAME\"":\""Di\""},{\""hits86\"":116,\""NAME\"":\""Br\""},{\""hits86\"":73,\""NAME\"":\""De\""}]"",""history"":""[[600,0.1],[600,0.7999999999999999],[600,0.7],[600,0.7999999999999999]]"",""width"":600}]",,
3PR3LXCWTKKLDKW8A0QZ8UHLZG3X9S,3HFGFN16M2MFHQNO7TA5WKQIKT2ET9,Design a layout for a bar chart,"Given a bar chart, please design a layout","Chart, Layout",$0.03,Mon Aug 24 01:37:48 PDT 2020,50,BatchId:4161802;OriginalHitTemplateId:928390912;,300,259200,Mon Aug 31 01:37:48 PDT 2020,,,3JMSRU9HQOFDRBGO8YA516HX30UVEJ,A225UVN7I7BB38,Submitted,Mon Aug 24 02:05:10 PDT 2020,Mon Aug 24 02:06:36 PDT 2020,Thu Aug 27 02:06:36 PDT 2020,,,,86,0% (0/0),0% (0/0),0% (0/0),"[{""band"":0.6,""data"":""[{\""hits86\"":37,\""NAME\"":\""Ne\""},{\""hits86\"":81,\""NAME\"":\""As\""},{\""hits86\"":159,\""NAME\"":\""Tr\""},{\""hits86\"":60,\""NAME\"":\""Wi\""},{\""hits86\"":169,\""NAME\"":\""Gr\""},{\""hits86\"":130,\""NAME\"":\""Da\""},{\""hits86\"":92,\""NAME\"":\""Th\""},{\""hits86\"":87,\""NAME\"":\""Ga\""},{\""hits86\"":66,\""NAME\"":\""Al\""},{\""hits86\"":113,\""NAME\"":\""Va\""},{\""hits86\"":73,\""NAME\"":\""Sa\""},{\""hits86\"":92,\""NAME\"":\""Bo\""},{\""hits86\"":98,\""NAME\"":\""Og\""},{\""hits86\"":168,\""NAME\"":\""Bu\""},{\""hits86\"":152,\""NAME\"":\""Do\""}]"",""history"":""[[700,0.1],[700,0.5],[700,0.5],[1000,0.5],[800,0.5],[800,0.5],[800,1],[800,0.7],[800,0.6],[800,0.5],[800,0.6],[700,0.6],[400,0.6],[600,0.6],[700,0.6],[700,0.5],[700,0.6],[800,0.6],[700,0.6]]"",""width"":700}]",,
3PR3LXCWTKKLDKW8A0QZ8UHLZG3X9S,3HFGFN16M2MFHQNO7TA5WKQIKT2ET9,Design a layout for a bar chart,"Given a bar chart, please design a layout","Chart, Layout",$0.03,Mon Aug 24 01:37:48 PDT 2020,50,BatchId:4161802;OriginalHitTemplateId:928390912;,300,259200,Mon Aug 31 01:37:48 PDT 2020,,,3JW0YLFXRZ1KN02KJ8979E7BHD2WWB,A1A7Q2AS1X9LPL,Submitted,Mon Aug 24 02:09:50 PDT 2020,Mon Aug 24 02:10:22 PDT 2020,Thu Aug 27 02:10:22 PDT 2020,,,,32,0% (0/0),0% (0/0),0% (0/0),"[{""band"":0.6,""data"":""[{\""hits86\"":37,\""NAME\"":\""Ne\""},{\""hits86\"":81,\""NAME\"":\""As\""},{\""hits86\"":159,\""NAME\"":\""Tr\""},{\""hits86\"":60,\""NAME\"":\""Wi\""},{\""hits86\"":169,\""NAME\"":\""Gr\""},{\""hits86\"":130,\""NAME\"":\""Da\""},{\""hits86\"":92,\""NAME\"":\""Th\""},{\""hits86\"":87,\""NAME\"":\""Ga\""},{\""hits86\"":66,\""NAME\"":\""Al\""},{\""hits86\"":113,\""NAME\"":\""Va\""},{\""hits86\"":73,\""NAME\"":\""Sa\""},{\""hits86\"":92,\""NAME\"":\""Bo\""},{\""hits86\"":98,\""NAME\"":\""Og\""},{\""hits86\"":168,\""NAME\"":\""Bu\""},{\""hits86\"":152,\""NAME\"":\""Do\""},{\""hits86\"":106,\""NAME\"":\""Ma\""},{\""hits86\"":54,\""NAME\"":\""Ru\""},{\""hits86\"":46,\""NAME\"":\""Sc\""},{\""hits86\"":39,\""NAME\"":\""Be\""},{\""hits86\"":108,\""NAME\"":\""Ha\""},{\""hits86\"":41,\""NAME\"":\""Ro\""},{\""hits86\"":129,\""NAME\"":\""Di\""},{\""hits86\"":116,\""NAME\"":\""Br\""}]"",""history"":""[[1000,0.6]]"",""width"":1000}]",,
3PR3LXCWTKKLDKW8A0QZ8UHLZG3X9S,3HFGFN16M2MFHQNO7TA5WKQIKT2ET9,Design a layout for a bar chart,"Given a bar chart, please design a layout","Chart, Layout",$0.03,Mon Aug 24 01:37:48 PDT 2020,50,BatchId:4161802;OriginalHitTemplateId:928390912;,300,259200,Mon Aug 31 01:37:48 PDT 2020,,,3JZQSN0I3WVMFSQPEEVPJNZNSMOGF0,A2WGGZCZ0XZCC2,Submitted,Mon Aug 24 02:17:09 PDT 2020,Mon Aug 24 02:17:41 PDT 2020,Thu Aug 27 02:17:41 PDT 2020,,,,32,0% (0/0),0% (0/0),0% (0/0),"[{""band"":0.7,""data"":""[{\""hits86\"":37,\""NAME\"":\""Ne\""},{\""hits86\"":81,\""NAME\"":\""As\""},{\""hits86\"":159,\""NAME\"":\""Tr\""},{\""hits86\"":60,\""NAME\"":\""Wi\""},{\""hits86\"":169,\""NAME\"":\""Gr\""},{\""hits86\"":130,\""NAME\"":\""Da\""},{\""hits86\"":92,\""NAME\"":\""Th\""},{\""hits86\"":87,\""NAME\"":\""Ga\""},{\""hits86\"":66,\""NAME\"":\""Al\""},{\""hits86\"":113,\""NAME\"":\""Va\""},{\""hits86\"":73,\""NAME\"":\""Sa\""},{\""hits86\"":92,\""NAME\"":\""Bo\""},{\""hits86\"":98,\""NAME\"":\""Og\""},{\""hits86\"":168,\""NAME\"":\""Bu\""},{\""hits86\"":152,\""NAME\"":\""Do\""},{\""hits86\"":106,\""NAME\"":\""Ma\""},{\""hits86\"":54,\""NAME\"":\""Ru\""},{\""hits86\"":46,\""NAME\"":\""Sc\""},{\""hits86\"":39,\""NAME\"":\""Be\""},{\""hits86\"":108,\""NAME\"":\""Ha\""},{\""hits86\"":41,\""NAME\"":\""Ro\""},{\""hits86\"":129,\""NAME\"":\""Di\""},{\""hits86\"":116,\""NAME\"":\""Br\""},{\""hits86\"":73,\""NAME\"":\""De\""},{\""hits86\"":141,\""NAME\"":\""Ho\""},{\""hits86\"":49,\""NAME\"":\""Ke\""},{\""hits86\"":60,\""NAME\"":\""Me\""}]"",""history"":""[[700,0.1],[700,0.5],[900,0.5],[900,0.7]]"",""width"":900}]",,
3PR3LXCWTKKLDKW8A0QZ8UHLZG3X9S,3HFGFN16M2MFHQNO7TA5WKQIKT2ET9,Design a layout for a bar chart,"Given a bar chart, please design a layout","Chart, Layout",$0.03,Mon Aug 24 01:37:48 PDT 2020,50,BatchId:4161802;OriginalHitTemplateId:928390912;,300,259200,Mon Aug 31 01:37:48 PDT 2020,,,3K772S5NPEW89AL439T1M5QOVKFEH6,A18AJBXEK52KRE,Submitted,Mon Aug 24 01:40:17 PDT 2020,Mon Aug 24 01:40:43 PDT 2020,Thu Aug 27 01:40:43 PDT 2020,,,,26,0% (0/0),0% (0/0),0% (0/0),"[{""band"":0.4,""data"":""[{\""hits86\"":37,\""NAME\"":\""Ne\""},{\""hits86\"":81,\""NAME\"":\""As\""},{\""hits86\"":159,\""NAME\"":\""Tr\""},{\""hits86\"":60,\""NAME\"":\""Wi\""},{\""hits86\"":169,\""NAME\"":\""Gr\""},{\""hits86\"":130,\""NAME\"":\""Da\""},{\""hits86\"":92,\""NAME\"":\""Th\""},{\""hits86\"":87,\""NAME\"":\""Ga\""},{\""hits86\"":66,\""NAME\"":\""Al\""},{\""hits86\"":113,\""NAME\"":\""Va\""}]"",""history"":""[[300,0.30000000000000004],[500,0.30000000000000004],[500,0.5],[500,0.4],[700,0.4]]"",""width"":700}]",,
3PR3LXCWTKKLDKW8A0QZ8UHLZG3X9S,3HFGFN16M2MFHQNO7TA5WKQIKT2ET9,Design a layout for a bar chart,"Given a bar chart, please design a layout","Chart, Layout",$0.03,Mon Aug 24 01:37:48 PDT 2020,50,BatchId:4161802;OriginalHitTemplateId:928390912;,300,259200,Mon Aug 31 01:37:48 PDT 2020,,,3KXIR214IA1M2ILTVIEHQF8VTD924E,A2PMR2U39PQ1UH,Submitted,Mon Aug 24 02:10:03 PDT 2020,Mon Aug 24 02:10:25 PDT 2020,Thu Aug 27 02:10:25 PDT 2020,,,,22,0% (0/0),0% (0/0),0% (0/0),"[{""band"":0.6,""data"":""[{\""hits86\"":37,\""NAME\"":\""Ne\""},{\""hits86\"":81,\""NAME\"":\""As\""},{\""hits86\"":159,\""NAME\"":\""Tr\""},{\""hits86\"":60,\""NAME\"":\""Wi\""},{\""hits86\"":169,\""NAME\"":\""Gr\""},{\""hits86\"":130,\""NAME\"":\""Da\""},{\""hits86\"":92,\""NAME\"":\""Th\""},{\""hits86\"":87,\""NAME\"":\""Ga\""},{\""hits86\"":66,\""NAME\"":\""Al\""},{\""hits86\"":113,\""NAME\"":\""Va\""},{\""hits86\"":73,\""NAME\"":\""Sa\""},{\""hits86\"":92,\""NAME\"":\""Bo\""},{\""hits86\"":98,\""NAME\"":\""Og\""},{\""hits86\"":168,\""NAME\"":\""Bu\""},{\""hits86\"":152,\""NAME\"":\""Do\""},{\""hits86\"":106,\""NAME\"":\""Ma\""},{\""hits86\"":54,\""NAME\"":\""Ru\""},{\""hits86\"":46,\""NAME\"":\""Sc\""},{\""hits86\"":39,\""NAME\"":\""Be\""},{\""hits86\"":108,\""NAME\"":\""Ha\""}]"",""history"":""[[600,0.1],[600,0.7],[600,0.6]]"",""width"":600}]",,
3PR3LXCWTKKLDKW8A0QZ8UHLZG3X9S,3HFGFN16M2MFHQNO7TA5WKQIKT2ET9,Design a layout for a bar chart,"Given a bar chart, please design a layout","Chart, Layout",$0.03,Mon Aug 24 01:37:48 PDT 2020,50,BatchId:4161802;OriginalHitTemplateId:928390912;,300,259200,Mon Aug 31 01:37:48 PDT 2020,,,3LEIZ60CDPKD5ZUH1KJMUYTI0DHZ98,A23RB1Y4ANXQLS,Submitted,Mon Aug 24 01:46:56 PDT 2020,Mon Aug 24 01:48:02 PDT 2020,Thu Aug 27 01:48:02 PDT 2020,,,,66,0% (0/0),0% (0/0),0% (0/0),"[{""band"":0.4,""data"":""[{\""hits86\"":37,\""NAME\"":\""Ne\""},{\""hits86\"":81,\""NAME\"":\""As\""},{\""hits86\"":159,\""NAME\"":\""Tr\""},{\""hits86\"":60,\""NAME\"":\""Wi\""},{\""hits86\"":169,\""NAME\"":\""Gr\""},{\""hits86\"":130,\""NAME\"":\""Da\""},{\""hits86\"":92,\""NAME\"":\""Th\""},{\""hits86\"":87,\""NAME\"":\""Ga\""},{\""hits86\"":66,\""NAME\"":\""Al\""}]"",""history"":""[[700,0.1],[700,0.1],[500,0.1],[500,0.30000000000000004],[500,0.30000000000000004],[500,0.4],[500,0.30000000000000004],[500,0.30000000000000004],[500,0.30000000000000004],[500,0.30000000000000004],[500,0.5],[500,0.4],[700,0.4],[500,0.4],[800,0.4],[700,0.4]]"",""width"":700}]",,
3PR3LXCWTKKLDKW8A0QZ8UHLZG3X9S,3HFGFN16M2MFHQNO7TA5WKQIKT2ET9,Design a layout for a bar chart,"Given a bar chart, please design a layout","Chart, Layout",$0.03,Mon Aug 24 01:37:48 PDT 2020,50,BatchId:4161802;OriginalHitTemplateId:928390912;,300,259200,Mon Aug 31 01:37:48 PDT 2020,,,3LKC68YZ3GOCIRTISMIXSKUPEAZOWL,A1Q7P3V8127WR,Submitted,Mon Aug 24 01:46:25 PDT 2020,Mon Aug 24 01:46:38 PDT 2020,Thu Aug 27 01:46:38 PDT 2020,,,,13,0% (0/0),0% (0/0),0% (0/0),"[{""band"":0.6,""data"":""[{\""hits86\"":37,\""NAME\"":\""Ne\""},{\""hits86\"":81,\""NAME\"":\""As\""},{\""hits86\"":159,\""NAME\"":\""Tr\""},{\""hits86\"":60,\""NAME\"":\""Wi\""},{\""hits86\"":169,\""NAME\"":\""Gr\""},{\""hits86\"":130,\""NAME\"":\""Da\""},{\""hits86\"":92,\""NAME\"":\""Th\""},{\""hits86\"":87,\""NAME\"":\""Ga\""},{\""hits86\"":66,\""NAME\"":\""Al\""},{\""hits86\"":113,\""NAME\"":\""Va\""},{\""hits86\"":73,\""NAME\"":\""Sa\""},{\""hits86\"":92,\""NAME\"":\""Bo\""},{\""hits86\"":98,\""NAME\"":\""Og\""},{\""hits86\"":168,\""NAME\"":\""Bu\""},{\""hits86\"":152,\""NAME\"":\""Do\""},{\""hits86\"":106,\""NAME\"":\""Ma\""},{\""hits86\"":54,\""NAME\"":\""Ru\""},{\""hits86\"":46,\""NAME\"":\""Sc\""},{\""hits86\"":39,\""NAME\"":\""Be\""},{\""hits86\"":108,\""NAME\"":\""Ha\""},{\""hits86\"":41,\""NAME\"":\""Ro\""},{\""hits86\"":129,\""NAME\"":\""Di\""},{\""hits86\"":116,\""NAME\"":\""Br\""},{\""hits86\"":73,\""NAME\"":\""De\""},{\""hits86\"":141,\""NAME\"":\""Ho\""}]"",""history"":""[[900,0.1],[700,0.1],[800,0.1],[800,0.30000000000000004],[800,0.5],[800,0.6]]"",""width"":800}]",,
3PR3LXCWTKKLDKW8A0QZ8UHLZG3X9S,3HFGFN16M2MFHQNO7TA5WKQIKT2ET9,Design a layout for a bar chart,"Given a bar chart, please design a layout","Chart, Layout",$0.03,Mon Aug 24 01:37:48 PDT 2020,50,BatchId:4161802;OriginalHitTemplateId:928390912;,300,259200,Mon Aug 31 01:37:48 PDT 2020,,,3LRLIPTPEWUWLN50TPUC3EGP2NOAKG,AO2SEJOUWKOCV,Submitted,Mon Aug 24 01:54:42 PDT 2020,Mon Aug 24 01:55:43 PDT 2020,Thu Aug 27 01:55:43 PDT 2020,,,,61,100% (7/7),100% (7/7),0% (0/0),"[{""band"":0.6,""data"":""[{\""hits86\"":37,\""NAME\"":\""Ne\""},{\""hits86\"":81,\""NAME\"":\""As\""},{\""hits86\"":159,\""NAME\"":\""Tr\""},{\""hits86\"":60,\""NAME\"":\""Wi\""},{\""hits86\"":169,\""NAME\"":\""Gr\""},{\""hits86\"":130,\""NAME\"":\""Da\""},{\""hits86\"":92,\""NAME\"":\""Th\""},{\""hits86\"":87,\""NAME\"":\""Ga\""},{\""hits86\"":66,\""NAME\"":\""Al\""},{\""hits86\"":113,\""NAME\"":\""Va\""},{\""hits86\"":73,\""NAME\"":\""Sa\""}]"",""history"":""[[500,0.1],[700,0.1],[700,0.4],[700,0.5],[600,0.5],[600,0.6],[600,0.5],[500,0.5],[500,0.5],[500,0.5],[400,0.5],[600,0.5],[500,0.5],[600,0.5],[600,0.6]]"",""width"":600}]",,
3PR3LXCWTKKLDKW8A0QZ8UHLZG3X9S,3HFGFN16M2MFHQNO7TA5WKQIKT2ET9,Design a layout for a bar chart,"Given a bar chart, please design a layout","Chart, Layout",$0.03,Mon Aug 24 01:37:48 PDT 2020,50,BatchId:4161802;OriginalHitTemplateId:928390912;,300,259200,Mon Aug 31 01:37:48 PDT 2020,,,3M1CVSFP66QIWQ3V6UE9Z0SY1SDQAJ,A24JKHC4HTY6CD,Submitted,Mon Aug 24 01:39:49 PDT 2020,Mon Aug 24 01:40:18 PDT 2020,Thu Aug 27 01:40:18 PDT 2020,,,,29,0% (0/0),0% (0/0),0% (0/0),"[{""band"":0.4,""data"":""[{\""hits86\"":37,\""NAME\"":\""Ne\""},{\""hits86\"":81,\""NAME\"":\""As\""},{\""hits86\"":159,\""NAME\"":\""Tr\""},{\""hits86\"":60,\""NAME\"":\""Wi\""},{\""hits86\"":169,\""NAME\"":\""Gr\""},{\""hits86\"":130,\""NAME\"":\""Da\""},{\""hits86\"":92,\""NAME\"":\""Th\""}]"",""history"":""[[500,0.1],[500,0.4]]"",""width"":500}]",,
3PR3LXCWTKKLDKW8A0QZ8UHLZG3X9S,3HFGFN16M2MFHQNO7TA5WKQIKT2ET9,Design a layout for a bar chart,"Given a bar chart, please design a layout","Chart, Layout",$0.03,Mon Aug 24 01:37:48 PDT 2020,50,BatchId:4161802;OriginalHitTemplateId:928390912;,300,259200,Mon Aug 31 01:37:48 PDT 2020,,,3MHW492WW6YB3Z81PWYOEEM6C2PVMC,A1T8UW1KDV30W8,Submitted,Mon Aug 24 02:24:32 PDT 2020,Mon Aug 24 02:25:13 PDT 2020,Thu Aug 27 02:25:13 PDT 2020,,,,41,0% (0/0),0% (0/0),0% (0/0),"[{""band"":0.30000000000000004,""data"":""[{\""hits86\"":37,\""NAME\"":\""Ne\""},{\""hits86\"":81,\""NAME\"":\""As\""},{\""hits86\"":159,\""NAME\"":\""Tr\""},{\""hits86\"":60,\""NAME\"":\""Wi\""},{\""hits86\"":169,\""NAME\"":\""Gr\""},{\""hits86\"":130,\""NAME\"":\""Da\""},{\""hits86\"":92,\""NAME\"":\""Th\""},{\""hits86\"":87,\""NAME\"":\""Ga\""},{\""hits86\"":66,\""NAME\"":\""Al\""},{\""hits86\"":113,\""NAME\"":\""Va\""},{\""hits86\"":73,\""NAME\"":\""Sa\""},{\""hits86\"":92,\""NAME\"":\""Bo\""},{\""hits86\"":98,\""NAME\"":\""Og\""},{\""hits86\"":168,\""NAME\"":\""Bu\""},{\""hits86\"":152,\""NAME\"":\""Do\""},{\""hits86\"":106,\""NAME\"":\""Ma\""},{\""hits86\"":54,\""NAME\"":\""Ru\""},{\""hits86\"":46,\""NAME\"":\""Sc\""},{\""hits86\"":39,\""NAME\"":\""Be\""},{\""hits86\"":108,\""NAME\"":\""Ha\""},{\""hits86\"":41,\""NAME\"":\""Ro\""},{\""hits86\"":129,\""NAME\"":\""Di\""},{\""hits86\"":116,\""NAME\"":\""Br\""},{\""hits86\"":73,\""NAME\"":\""De\""},{\""hits86\"":141,\""NAME\"":\""Ho\""},{\""hits86\"":49,\""NAME\"":\""Ke\""},{\""hits86\"":60,\""NAME\"":\""Me\""},{\""hits86\"":168,\""NAME\"":\""Ja\""},{\""hits86\"":46,\""NAME\"":\""Bi\""}]"",""history"":""[[400,0.1],[400,0.30000000000000004],[500,0.30000000000000004],[500,0.30000000000000004],[500,0.30000000000000004]]"",""width"":500}]",,
3PR3LXCWTKKLDKW8A0QZ8UHLZG3X9S,3HFGFN16M2MFHQNO7TA5WKQIKT2ET9,Design a layout for a bar chart,"Given a bar chart, please design a layout","Chart, Layout",$0.03,Mon Aug 24 01:37:48 PDT 2020,50,BatchId:4161802;OriginalHitTemplateId:928390912;,300,259200,Mon Aug 31 01:37:48 PDT 2020,,,3MYYFCXHJ9SCHCT0UXZ6SJ2W3WHG4E,A295A84E7LY9EU,Submitted,Mon Aug 24 02:25:22 PDT 2020,Mon Aug 24 02:26:50 PDT 2020,Thu Aug 27 02:26:50 PDT 2020,,,,88,0% (0/0),0% (0/0),0% (0/0),"[{""band"":1,""data"":""[{\""hits86\"":37,\""NAME\"":\""Ne\""},{\""hits86\"":81,\""NAME\"":\""As\""},{\""hits86\"":159,\""NAME\"":\""Tr\""},{\""hits86\"":60,\""NAME\"":\""Wi\""},{\""hits86\"":169,\""NAME\"":\""Gr\""},{\""hits86\"":130,\""NAME\"":\""Da\""},{\""hits86\"":92,\""NAME\"":\""Th\""},{\""hits86\"":87,\""NAME\"":\""Ga\""},{\""hits86\"":66,\""NAME\"":\""Al\""}]"",""history"":""[[500,0.1],[700,0.1],[900,0.1],[900,0.5],[900,0.6],[700,0.6],[500,0.6],[400,0.6],[400,1],[300,1]]"",""width"":300}]",,
3PR3LXCWTKKLDKW8A0QZ8UHLZG3X9S,3HFGFN16M2MFHQNO7TA5WKQIKT2ET9,Design a layout for a bar chart,"Given a bar chart, please design a layout","Chart, Layout",$0.03,Mon Aug 24 01:37:48 PDT 2020,50,BatchId:4161802;OriginalHitTemplateId:928390912;,300,259200,Mon Aug 31 01:37:48 PDT 2020,,,3OLQQLKKNYA40GGUR9WMYI638CJJEG,A1DG003LV6JAUE,Submitted,Mon Aug 24 01:39:45 PDT 2020,Mon Aug 24 01:40:23 PDT 2020,Thu Aug 27 01:40:23 PDT 2020,,,,38,0% (0/0),0% (0/0),0% (0/0),"[{""band"":0.6,""data"":""[{\""hits86\"":37,\""NAME\"":\""Ne\""},{\""hits86\"":81,\""NAME\"":\""As\""},{\""hits86\"":159,\""NAME\"":\""Tr\""},{\""hits86\"":60,\""NAME\"":\""Wi\""},{\""hits86\"":169,\""NAME\"":\""Gr\""},{\""hits86\"":130,\""NAME\"":\""Da\""},{\""hits86\"":92,\""NAME\"":\""Th\""},{\""hits86\"":87,\""NAME\"":\""Ga\""},{\""hits86\"":66,\""NAME\"":\""Al\""},{\""hits86\"":113,\""NAME\"":\""Va\""},{\""hits86\"":73,\""NAME\"":\""Sa\""}]"",""history"":""[[400,0.1],[500,0.2],[500,0.30000000000000004],[500,0.30000000000000004],[400,0.30000000000000004],[400,0.4],[400,0.6],[500,0.6]]"",""width"":500}]",,
3PR3LXCWTKKLDKW8A0QZ8UHLZG3X9S,3HFGFN16M2MFHQNO7TA5WKQIKT2ET9,Design a layout for a bar chart,"Given a bar chart, please design a layout","Chart, Layout",$0.03,Mon Aug 24 01:37:48 PDT 2020,50,BatchId:4161802;OriginalHitTemplateId:928390912;,300,259200,Mon Aug 31 01:37:48 PDT 2020,,,3P529IW9K4621K4QP5S5WF4VO23LF2,AO2WNSGOXAX52,Submitted,Mon Aug 24 01:38:39 PDT 2020,Mon Aug 24 01:39:22 PDT 2020,Thu Aug 27 01:39:22 PDT 2020,,,,43,0% (0/0),0% (0/0),0% (0/0),"[{""band"":0.6,""data"":""[{\""hits86\"":37,\""NAME\"":\""Ne\""},{\""hits86\"":81,\""NAME\"":\""As\""},{\""hits86\"":159,\""NAME\"":\""Tr\""},{\""hits86\"":60,\""NAME\"":\""Wi\""},{\""hits86\"":169,\""NAME\"":\""Gr\""},{\""hits86\"":130,\""NAME\"":\""Da\""}]"",""history"":""[[800,0.1]]"",""width"":800}]",,
3PR3LXCWTKKLDKW8A0QZ8UHLZG3X9S,3HFGFN16M2MFHQNO7TA5WKQIKT2ET9,Design a layout for a bar chart,"Given a bar chart, please design a layout","Chart, Layout",$0.03,Mon Aug 24 01:37:48 PDT 2020,50,BatchId:4161802;OriginalHitTemplateId:928390912;,300,259200,Mon Aug 31 01:37:48 PDT 2020,,,3P59JYT76R56J30JAJFPYNKN9BL2T3,A68P3KCKGS7C0,Submitted,Mon Aug 24 01:43:18 PDT 2020,Mon Aug 24 01:43:43 PDT 2020,Thu Aug 27 01:43:43 PDT 2020,,,,25,0% (0/0),0% (0/0),0% (0/0),"[{""band"":0.2,""data"":""[{\""hits86\"":37,\""NAME\"":\""Ne\""},{\""hits86\"":81,\""NAME\"":\""As\""},{\""hits86\"":159,\""NAME\"":\""Tr\""},{\""hits86\"":60,\""NAME\"":\""Wi\""},{\""hits86\"":169,\""NAME\"":\""Gr\""},{\""hits86\"":130,\""NAME\"":\""Da\""},{\""hits86\"":92,\""NAME\"":\""Th\""},{\""hits86\"":87,\""NAME\"":\""Ga\""},{\""hits86\"":66,\""NAME\"":\""Al\""},{\""hits86\"":113,\""NAME\"":\""Va\""},{\""hits86\"":73,\""NAME\"":\""Sa\""}]"",""history"":""[[400,0.1],[500,0.1],[600,0.1],[600,0.2]]"",""width"":600}]",,
3PR3LXCWTKKLDKW8A0QZ8UHLZG3X9S,3HFGFN16M2MFHQNO7TA5WKQIKT2ET9,Design a layout for a bar chart,"Given a bar chart, please design a layout","Chart, Layout",$0.03,Mon Aug 24 01:37:48 PDT 2020,50,BatchId:4161802;OriginalHitTemplateId:928390912;,300,259200,Mon Aug 31 01:37:48 PDT 2020,,,3PXX5PX6L3JVSK16NCHJ4BXZFTFABW,A1DBY8YB7QLV8,Submitted,Mon Aug 24 01:54:26 PDT 2020,Mon Aug 24 01:55:56 PDT 2020,Thu Aug 27 01:55:56 PDT 2020,,,,90,0% (0/0),0% (0/0),0% (0/0),"[{""band"":0.7,""data"":""[{\""hits86\"":37,\""NAME\"":\""Ne\""},{\""hits86\"":81,\""NAME\"":\""As\""},{\""hits86\"":159,\""NAME\"":\""Tr\""},{\""hits86\"":60,\""NAME\"":\""Wi\""},{\""hits86\"":169,\""NAME\"":\""Gr\""},{\""hits86\"":130,\""NAME\"":\""Da\""},{\""hits86\"":92,\""NAME\"":\""Th\""},{\""hits86\"":87,\""NAME\"":\""Ga\""},{\""hits86\"":66,\""NAME\"":\""Al\""},{\""hits86\"":113,\""NAME\"":\""Va\""},{\""hits86\"":73,\""NAME\"":\""Sa\""},{\""hits86\"":92,\""NAME\"":\""Bo\""},{\""hits86\"":98,\""NAME\"":\""Og\""},{\""hits86\"":168,\""NAME\"":\""Bu\""},{\""hits86\"":152,\""NAME\"":\""Do\""},{\""hits86\"":106,\""NAME\"":\""Ma\""},{\""hits86\"":54,\""NAME\"":\""Ru\""},{\""hits86\"":46,\""NAME\"":\""Sc\""},{\""hits86\"":39,\""NAME\"":\""Be\""},{\""hits86\"":108,\""NAME\"":\""Ha\""},{\""hits86\"":41,\""NAME\"":\""Ro\""},{\""hits86\"":129,\""NAME\"":\""Di\""},{\""hits86\"":116,\""NAME\"":\""Br\""},{\""hits86\"":73,\""NAME\"":\""De\""},{\""hits86\"":141,\""NAME\"":\""Ho\""},{\""hits86\"":49,\""NAME\"":\""Ke\""},{\""hits86\"":60,\""NAME\"":\""Me\""},{\""hits86\"":168,\""NAME\"":\""Ja\""},{\""hits86\"":46,\""NAME\"":\""Bi\""}]"",""history"":""[[700,0.1],[700,0.6],[700,0.6],[800,0.6],[700,0.6],[700,0.6],[700,0.6],[700,0.6],[700,0.6],[700,0.6],[700,0.6],[700,0.6],[700,0.6],[900,0.6],[900,0.7],[900,0.7],[900,0.7],[900,0.7]]"",""width"":900}]",,
3PR3LXCWTKKLDKW8A0QZ8UHLZG3X9S,3HFGFN16M2MFHQNO7TA5WKQIKT2ET9,Design a layout for a bar chart,"Given a bar chart, please design a layout","Chart, Layout",$0.03,Mon Aug 24 01:37:48 PDT 2020,50,BatchId:4161802;OriginalHitTemplateId:928390912;,300,259200,Mon Aug 31 01:37:48 PDT 2020,,,3QIYRE09Y921Z5D3UJTZK54QSNL1NK,AZ0KS5UTO3EJ2,Submitted,Mon Aug 24 01:40:53 PDT 2020,Mon Aug 24 01:41:20 PDT 2020,Thu Aug 27 01:41:20 PDT 2020,,,,27,100% (1/1),0% (0/0),0% (0/0),"[{""band"":0.7,""data"":""[{\""hits86\"":37,\""NAME\"":\""Ne\""},{\""hits86\"":81,\""NAME\"":\""As\""},{\""hits86\"":159,\""NAME\"":\""Tr\""},{\""hits86\"":60,\""NAME\"":\""Wi\""},{\""hits86\"":169,\""NAME\"":\""Gr\""},{\""hits86\"":130,\""NAME\"":\""Da\""},{\""hits86\"":92,\""NAME\"":\""Th\""},{\""hits86\"":87,\""NAME\"":\""Ga\""},{\""hits86\"":66,\""NAME\"":\""Al\""},{\""hits86\"":113,\""NAME\"":\""Va\""},{\""hits86\"":73,\""NAME\"":\""Sa\""},{\""hits86\"":92,\""NAME\"":\""Bo\""},{\""hits86\"":98,\""NAME\"":\""Og\""},{\""hits86\"":168,\""NAME\"":\""Bu\""},{\""hits86\"":152,\""NAME\"":\""Do\""},{\""hits86\"":106,\""NAME\"":\""Ma\""},{\""hits86\"":54,\""NAME\"":\""Ru\""},{\""hits86\"":46,\""NAME\"":\""Sc\""},{\""hits86\"":39,\""NAME\"":\""Be\""},{\""hits86\"":108,\""NAME\"":\""Ha\""},{\""hits86\"":41,\""NAME\"":\""Ro\""},{\""hits86\"":129,\""NAME\"":\""Di\""},{\""hits86\"":116,\""NAME\"":\""Br\""},{\""hits86\"":73,\""NAME\"":\""De\""},{\""hits86\"":141,\""NAME\"":\""Ho\""},{\""hits86\"":49,\""NAME\"":\""Ke\""},{\""hits86\"":60,\""NAME\"":\""Me\""}]"",""history"":""[[700,0.1],[700,0.7]]"",""width"":700}]",,
3PR3LXCWTKKLDKW8A0QZ8UHLZG3X9S,3HFGFN16M2MFHQNO7TA5WKQIKT2ET9,Design a layout for a bar chart,"Given a bar chart, please design a layout","Chart, Layout",$0.03,Mon Aug 24 01:37:48 PDT 2020,50,BatchId:4161802;OriginalHitTemplateId:928390912;,300,259200,Mon Aug 31 01:37:48 PDT 2020,,,3QRYMNZ7F4228PPCW2D9QBNLK7HNTM,A3RAL81XKTKNMS,Submitted,Mon Aug 24 02:15:48 PDT 2020,Mon Aug 24 02:16:33 PDT 2020,Thu Aug 27 02:16:33 PDT 2020,,,,45,0% (0/0),0% (0/0),0% (0/0),"[{""band"":0.4,""data"":""[{\""hits86\"":37,\""NAME\"":\""Ne\""},{\""hits86\"":81,\""NAME\"":\""As\""},{\""hits86\"":159,\""NAME\"":\""Tr\""},{\""hits86\"":60,\""NAME\"":\""Wi\""},{\""hits86\"":169,\""NAME\"":\""Gr\""},{\""hits86\"":130,\""NAME\"":\""Da\""},{\""hits86\"":92,\""NAME\"":\""Th\""},{\""hits86\"":87,\""NAME\"":\""Ga\""},{\""hits86\"":66,\""NAME\"":\""Al\""},{\""hits86\"":113,\""NAME\"":\""Va\""},{\""hits86\"":73,\""NAME\"":\""Sa\""},{\""hits86\"":92,\""NAME\"":\""Bo\""},{\""hits86\"":98,\""NAME\"":\""Og\""},{\""hits86\"":168,\""NAME\"":\""Bu\""},{\""hits86\"":152,\""NAME\"":\""Do\""},{\""hits86\"":106,\""NAME\"":\""Ma\""},{\""hits86\"":54,\""NAME\"":\""Ru\""},{\""hits86\"":46,\""NAME\"":\""Sc\""},{\""hits86\"":39,\""NAME\"":\""Be\""}]"",""history"":""[[300,0.30000000000000004],[300,0.5],[400,0.5],[500,0.5],[500,0.4],[500,0.5],[500,0.6],[500,0.30000000000000004],[500,0.4],[700,0.4]]"",""width"":700}]",,
3PR3LXCWTKKLDKW8A0QZ8UHLZG3X9S,3HFGFN16M2MFHQNO7TA5WKQIKT2ET9,Design a layout for a bar chart,"Given a bar chart, please design a layout","Chart, Layout",$0.03,Mon Aug 24 01:37:48 PDT 2020,50,BatchId:4161802;OriginalHitTemplateId:928390912;,300,259200,Mon Aug 31 01:37:48 PDT 2020,,,3RXCAC0YIXAD0DG260PJ9VI15H48G2,A2JP9IKRHNLRPI,Submitted,Mon Aug 24 01:38:23 PDT 2020,Mon Aug 24 01:39:10 PDT 2020,Thu Aug 27 01:39:10 PDT 2020,,,,47,0% (0/0),0% (0/0),0% (0/0),"[{""band"":0.4,""data"":""[{\""hits86\"":37,\""NAME\"":\""Ne\""},{\""hits86\"":81,\""NAME\"":\""As\""},{\""hits86\"":159,\""NAME\"":\""Tr\""},{\""hits86\"":60,\""NAME\"":\""Wi\""},{\""hits86\"":169,\""NAME\"":\""Gr\""},{\""hits86\"":130,\""NAME\"":\""Da\""},{\""hits86\"":92,\""NAME\"":\""Th\""},{\""hits86\"":87,\""NAME\"":\""Ga\""},{\""hits86\"":66,\""NAME\"":\""Al\""},{\""hits86\"":113,\""NAME\"":\""Va\""},{\""hits86\"":73,\""NAME\"":\""Sa\""},{\""hits86\"":92,\""NAME\"":\""Bo\""},{\""hits86\"":98,\""NAME\"":\""Og\""},{\""hits86\"":168,\""NAME\"":\""Bu\""},{\""hits86\"":152,\""NAME\"":\""Do\""},{\""hits86\"":106,\""NAME\"":\""Ma\""},{\""hits86\"":54,\""NAME\"":\""Ru\""},{\""hits86\"":46,\""NAME\"":\""Sc\""},{\""hits86\"":39,\""NAME\"":\""Be\""}]"",""history"":""[[600,0.1],[700,0.1],[600,0.1],[700,0.1],[700,0.2],[700,0.6],[700,0.30000000000000004],[700,0.4],[600,0.4],[700,0.4]]"",""width"":700}]",,
3PR3LXCWTKKLDKW8A0QZ8UHLZG3X9S,3HFGFN16M2MFHQNO7TA5WKQIKT2ET9,Design a layout for a bar chart,"Given a bar chart, please design a layout","Chart, Layout",$0.03,Mon Aug 24 01:37:48 PDT 2020,50,BatchId:4161802;OriginalHitTemplateId:928390912;,300,259200,Mon Aug 31 01:37:48 PDT 2020,,,3SEPORI8WTKRAI4MTQXMQT426VZZAN,A2BFMFOD8VXNQD,Submitted,Mon Aug 24 01:47:01 PDT 2020,Mon Aug 24 01:47:41 PDT 2020,Thu Aug 27 01:47:41 PDT 2020,,,,40,0% (0/0),0% (0/0),0% (0/0),"[{""band"":0.7999999999999999,""data"":""[{\""hits86\"":37,\""NAME\"":\""Ne\""},{\""hits86\"":81,\""NAME\"":\""As\""},{\""hits86\"":159,\""NAME\"":\""Tr\""},{\""hits86\"":60,\""NAME\"":\""Wi\""},{\""hits86\"":169,\""NAME\"":\""Gr\""},{\""hits86\"":130,\""NAME\"":\""Da\""},{\""hits86\"":92,\""NAME\"":\""Th\""},{\""hits86\"":87,\""NAME\"":\""Ga\""},{\""hits86\"":66,\""NAME\"":\""Al\""},{\""hits86\"":113,\""NAME\"":\""Va\""},{\""hits86\"":73,\""NAME\"":\""Sa\""},{\""hits86\"":92,\""NAME\"":\""Bo\""},{\""hits86\"":98,\""NAME\"":\""Og\""},{\""hits86\"":168,\""NAME\"":\""Bu\""},{\""hits86\"":152,\""NAME\"":\""Do\""},{\""hits86\"":106,\""NAME\"":\""Ma\""},{\""hits86\"":54,\""NAME\"":\""Ru\""},{\""hits86\"":46,\""NAME\"":\""Sc\""},{\""hits86\"":39,\""NAME\"":\""Be\""},{\""hits86\"":108,\""NAME\"":\""Ha\""},{\""hits86\"":41,\""NAME\"":\""Ro\""},{\""hits86\"":129,\""NAME\"":\""Di\""},{\""hits86\"":116,\""NAME\"":\""Br\""},{\""hits86\"":73,\""NAME\"":\""De\""},{\""hits86\"":141,\""NAME\"":\""Ho\""}]"",""history"":""[[600,0.1],[600,0.1],[700,0.1],[700,1],[700,0.7999999999999999]]"",""width"":700}]",,
3PR3LXCWTKKLDKW8A0QZ8UHLZG3X9S,3HFGFN16M2MFHQNO7TA5WKQIKT2ET9,Design a layout for a bar chart,"Given a bar chart, please design a layout","Chart, Layout",$0.03,Mon Aug 24 01:37:48 PDT 2020,50,BatchId:4161802;OriginalHitTemplateId:928390912;,300,259200,Mon Aug 31 01:37:48 PDT 2020,,,3TMFV4NEPEZ9XZ62L5T1VY4PZ5U8W1,A23BGNP50WTKI2,Submitted,Mon Aug 24 01:39:01 PDT 2020,Mon Aug 24 01:39:25 PDT 2020,Thu Aug 27 01:39:25 PDT 2020,,,,24,0% (0/0),0% (0/0),0% (0/0),"[{""band"":0.7,""data"":""[{\""hits86\"":37,\""NAME\"":\""Ne\""},{\""hits86\"":81,\""NAME\"":\""As\""},{\""hits86\"":159,\""NAME\"":\""Tr\""},{\""hits86\"":60,\""NAME\"":\""Wi\""},{\""hits86\"":169,\""NAME\"":\""Gr\""},{\""hits86\"":130,\""NAME\"":\""Da\""},{\""hits86\"":92,\""NAME\"":\""Th\""},{\""hits86\"":87,\""NAME\"":\""Ga\""},{\""hits86\"":66,\""NAME\"":\""Al\""},{\""hits86\"":113,\""NAME\"":\""Va\""},{\""hits86\"":73,\""NAME\"":\""Sa\""},{\""hits86\"":92,\""NAME\"":\""Bo\""},{\""hits86\"":98,\""NAME\"":\""Og\""},{\""hits86\"":168,\""NAME\"":\""Bu\""}]"",""history"":""[[600,0.1],[600,0.6],[600,0.7]]"",""width"":600}]",,
3PR3LXCWTKKLDKW8A0QZ8UHLZG3X9S,3HFGFN16M2MFHQNO7TA5WKQIKT2ET9,Design a layout for a bar chart,"Given a bar chart, please design a layout","Chart, Layout",$0.03,Mon Aug 24 01:37:48 PDT 2020,50,BatchId:4161802;OriginalHitTemplateId:928390912;,300,259200,Mon Aug 31 01:37:48 PDT 2020,,,3TS1AR6UQWZ3MZFOLBRVDAMUTJ57FO,A2YOIQDG6TU9UL,Submitted,Mon Aug 24 02:19:01 PDT 2020,Mon Aug 24 02:19:18 PDT 2020,Thu Aug 27 02:19:18 PDT 2020,,,,17,0% (0/0),0% (0/0),0% (0/0),"[{""band"":0.6,""data"":""[{\""hits86\"":37,\""NAME\"":\""Ne\""},{\""hits86\"":81,\""NAME\"":\""As\""},{\""hits86\"":159,\""NAME\"":\""Tr\""},{\""hits86\"":60,\""NAME\"":\""Wi\""},{\""hits86\"":169,\""NAME\"":\""Gr\""},{\""hits86\"":130,\""NAME\"":\""Da\""},{\""hits86\"":92,\""NAME\"":\""Th\""},{\""hits86\"":87,\""NAME\"":\""Ga\""},{\""hits86\"":66,\""NAME\"":\""Al\""},{\""hits86\"":113,\""NAME\"":\""Va\""},{\""hits86\"":73,\""NAME\"":\""Sa\""}]"",""history"":""[[500,0.1],[700,0.1],[500,0.1],[500,0.4],[400,0.4],[600,0.4],[800,0.4],[500,0.4],[600,0.4],[600,0.5],[600,0.6]]"",""width"":600}]",,
3PR3LXCWTKKLDKW8A0QZ8UHLZG3X9S,3HFGFN16M2MFHQNO7TA5WKQIKT2ET9,Design a layout for a bar chart,"Given a bar chart, please design a layout","Chart, Layout",$0.03,Mon Aug 24 01:37:48 PDT 2020,50,BatchId:4161802;OriginalHitTemplateId:928390912;,300,259200,Mon Aug 31 01:37:48 PDT 2020,,,3U5NZHP4LXNC61AUCN9CGHPS9RJPH4,AVFKCQ7D0FI1M,Submitted,Mon Aug 24 01:52:14 PDT 2020,Mon Aug 24 01:52:39 PDT 2020,Thu Aug 27 01:52:39 PDT 2020,,,,25,0% (0/0),0% (0/0),0% (0/0),"[{""band"":0.4,""data"":""[{\""hits86\"":37,\""NAME\"":\""Ne\""},{\""hits86\"":81,\""NAME\"":\""As\""},{\""hits86\"":159,\""NAME\"":\""Tr\""},{\""hits86\"":60,\""NAME\"":\""Wi\""},{\""hits86\"":169,\""NAME\"":\""Gr\""},{\""hits86\"":130,\""NAME\"":\""Da\""},{\""hits86\"":92,\""NAME\"":\""Th\""},{\""hits86\"":87,\""NAME\"":\""Ga\""}]"",""history"":""[[700,0.1],[700,0.7999999999999999],[700,0.5],[900,0.5],[900,0.4]]"",""width"":900}]",,
3PR3LXCWTKKLDKW8A0QZ8UHLZG3X9S,3HFGFN16M2MFHQNO7TA5WKQIKT2ET9,Design a layout for a bar chart,"Given a bar chart, please design a layout","Chart, Layout",$0.03,Mon Aug 24 01:37:48 PDT 2020,50,BatchId:4161802;OriginalHitTemplateId:928390912;,300,259200,Mon Aug 31 01:37:48 PDT 2020,,,3VE8AYVF8SI7MDK7VGJ1RAIP4248F3,AN7N56XWXCX45,Submitted,Mon Aug 24 01:44:01 PDT 2020,Mon Aug 24 01:44:52 PDT 2020,Thu Aug 27 01:44:52 PDT 2020,,,,51,0% (0/0),0% (0/0),0% (0/0),"[{""band"":1,""data"":""[{\""hits86\"":37,\""NAME\"":\""Ne\""},{\""hits86\"":81,\""NAME\"":\""As\""},{\""hits86\"":159,\""NAME\"":\""Tr\""},{\""hits86\"":60,\""NAME\"":\""Wi\""},{\""hits86\"":169,\""NAME\"":\""Gr\""},{\""hits86\"":130,\""NAME\"":\""Da\""},{\""hits86\"":92,\""NAME\"":\""Th\""},{\""hits86\"":87,\""NAME\"":\""Ga\""},{\""hits86\"":66,\""NAME\"":\""Al\""},{\""hits86\"":113,\""NAME\"":\""Va\""},{\""hits86\"":73,\""NAME\"":\""Sa\""},{\""hits86\"":92,\""NAME\"":\""Bo\""},{\""hits86\"":98,\""NAME\"":\""Og\""},{\""hits86\"":168,\""NAME\"":\""Bu\""},{\""hits86\"":152,\""NAME\"":\""Do\""},{\""hits86\"":106,\""NAME\"":\""Ma\""},{\""hits86\"":54,\""NAME\"":\""Ru\""},{\""hits86\"":46,\""NAME\"":\""Sc\""},{\""hits86\"":39,\""NAME\"":\""Be\""},{\""hits86\"":108,\""NAME\"":\""Ha\""},{\""hits86\"":41,\""NAME\"":\""Ro\""}]"",""history"":""[[600,0.1],[1000,0.1],[1100,0.5],[1100,0.7]]"",""width"":1100}]",,
3PR3LXCWTKKLDKW8A0QZ8UHLZG3X9S,3HFGFN16M2MFHQNO7TA5WKQIKT2ET9,Design a layout for a bar chart,"Given a bar chart, please design a layout","Chart, Layout",$0.03,Mon Aug 24 01:37:48 PDT 2020,50,BatchId:4161802;OriginalHitTemplateId:928390912;,300,259200,Mon Aug 31 01:37:48 PDT 2020,,,3VW6495TLPLS1ASKDA9JF8D73T2YYB,AQK138OPRS1UI,Submitted,Mon Aug 24 02:12:27 PDT 2020,Mon Aug 24 02:14:58 PDT 2020,Thu Aug 27 02:14:58 PDT 2020,,,,151,0% (0/0),0% (0/0),0% (0/0),"[{""band"":0.7999999999999999,""data"":""[{\""hits86\"":37,\""NAME\"":\""Ne\""},{\""hits86\"":81,\""NAME\"":\""As\""},{\""hits86\"":159,\""NAME\"":\""Tr\""},{\""hits86\"":60,\""NAME\"":\""Wi\""},{\""hits86\"":169,\""NAME\"":\""Gr\""},{\""hits86\"":130,\""NAME\"":\""Da\""},{\""hits86\"":92,\""NAME\"":\""Th\""},{\""hits86\"":87,\""NAME\"":\""Ga\""},{\""hits86\"":66,\""NAME\"":\""Al\""},{\""hits86\"":113,\""NAME\"":\""Va\""},{\""hits86\"":73,\""NAME\"":\""Sa\""},{\""hits86\"":92,\""NAME\"":\""Bo\""},{\""hits86\"":98,\""NAME\"":\""Og\""},{\""hits86\"":168,\""NAME\"":\""Bu\""},{\""hits86\"":152,\""NAME\"":\""Do\""},{\""hits86\"":106,\""NAME\"":\""Ma\""},{\""hits86\"":54,\""NAME\"":\""Ru\""},{\""hits86\"":46,\""NAME\"":\""Sc\""},{\""hits86\"":39,\""NAME\"":\""Be\""},{\""hits86\"":108,\""NAME\"":\""Ha\""}]"",""history"":""[[800,0.1],[400,0.1],[600,0.1],[600,0.1],[500,0.1],[500,0.2],[500,0.30000000000000004],[500,0.4],[500,0.6],[500,0.6],[500,0.7],[500,0.9],[500,0.9],[500,0.7999999999999999]]"",""width"":500}]",,
3PR3LXCWTKKLDKW8A0QZ8UHLZG3X9S,3HFGFN16M2MFHQNO7TA5WKQIKT2ET9,Design a layout for a bar chart,"Given a bar chart, please design a layout","Chart, Layout",$0.03,Mon Aug 24 01:37:48 PDT 2020,50,BatchId:4161802;OriginalHitTemplateId:928390912;,300,259200,Mon Aug 31 01:37:48 PDT 2020,,,3X0H8UUIT79RGJLBZ3Z6CP4QB0AWS0,AMJ3UPYBBQ1KU,Submitted,Mon Aug 24 02:27:57 PDT 2020,Mon Aug 24 02:28:48 PDT 2020,Thu Aug 27 02:28:48 PDT 2020,,,,51,0% (0/0),0% (0/0),0% (0/0),"[{""band"":0.5,""data"":""[{\""hits86\"":37,\""NAME\"":\""Ne\""},{\""hits86\"":81,\""NAME\"":\""As\""},{\""hits86\"":159,\""NAME\"":\""Tr\""},{\""hits86\"":60,\""NAME\"":\""Wi\""},{\""hits86\"":169,\""NAME\"":\""Gr\""},{\""hits86\"":130,\""NAME\"":\""Da\""},{\""hits86\"":92,\""NAME\"":\""Th\""},{\""hits86\"":87,\""NAME\"":\""Ga\""},{\""hits86\"":66,\""NAME\"":\""Al\""},{\""hits86\"":113,\""NAME\"":\""Va\""},{\""hits86\"":73,\""NAME\"":\""Sa\""},{\""hits86\"":92,\""NAME\"":\""Bo\""},{\""hits86\"":98,\""NAME\"":\""Og\""}]"",""history"":""[[700,0.1],[700,0.5],[800,0.5],[600,0.5],[600,0.5],[600,0.5],[600,0.5],[600,0.5],[700,0.5],[700,0.5],[900,0.5],[700,0.5],[700,0.5],[700,0.6],[700,0.5],[700,0.5],[700,0.4],[700,0.5]]"",""width"":700}]",,
3PR3LXCWTKKLDKW8A0QZ8UHLZG3X9S,3HFGFN16M2MFHQNO7TA5WKQIKT2ET9,Design a layout for a bar chart,"Given a bar chart, please design a layout","Chart, Layout",$0.03,Mon Aug 24 01:37:48 PDT 2020,50,BatchId:4161802;OriginalHitTemplateId:928390912;,300,259200,Mon Aug 31 01:37:48 PDT 2020,,,3X3OR7WPZ5LTM5U3HRMZMNN91YQL8L,A2Y8RI4206360E,Submitted,Mon Aug 24 01:38:54 PDT 2020,Mon Aug 24 01:39:33 PDT 2020,Thu Aug 27 01:39:33 PDT 2020,,,,39,0% (0/0),0% (0/0),0% (0/0),"[{""band"":0.7999999999999999,""data"":""[{\""hits86\"":37,\""NAME\"":\""Ne\""},{\""hits86\"":81,\""NAME\"":\""As\""},{\""hits86\"":159,\""NAME\"":\""Tr\""},{\""hits86\"":60,\""NAME\"":\""Wi\""},{\""hits86\"":169,\""NAME\"":\""Gr\""},{\""hits86\"":130,\""NAME\"":\""Da\""},{\""hits86\"":92,\""NAME\"":\""Th\""},{\""hits86\"":87,\""NAME\"":\""Ga\""},{\""hits86\"":66,\""NAME\"":\""Al\""},{\""hits86\"":113,\""NAME\"":\""Va\""},{\""hits86\"":73,\""NAME\"":\""Sa\""},{\""hits86\"":92,\""NAME\"":\""Bo\""}]"",""history"":""[[800,0.1],[800,0.9],[800,0.7999999999999999]]"",""width"":800}]",,
3PR3LXCWTKKLDKW8A0QZ8UHLZG3X9S,3HFGFN16M2MFHQNO7TA5WKQIKT2ET9,Design a layout for a bar chart,"Given a bar chart, please design a layout","Chart, Layout",$0.03,Mon Aug 24 01:37:48 PDT 2020,50,BatchId:4161802;OriginalHitTemplateId:928390912;,300,259200,Mon Aug 31 01:37:48 PDT 2020,,,3X3OR7WPZ5LTM5U3HRMZMNN91Z2L8Z,A15XB5XU8TTK58,Submitted,Mon Aug 24 02:39:46 PDT 2020,Mon Aug 24 02:40:23 PDT 2020,Thu Aug 27 02:40:23 PDT 2020,,,,37,0% (0/0),0% (0/0),0% (0/0),"[{""band"":0.4,""data"":""[{\""hits86\"":37,\""NAME\"":\""Ne\""},{\""hits86\"":81,\""NAME\"":\""As\""},{\""hits86\"":159,\""NAME\"":\""Tr\""},{\""hits86\"":60,\""NAME\"":\""Wi\""},{\""hits86\"":169,\""NAME\"":\""Gr\""},{\""hits86\"":130,\""NAME\"":\""Da\""},{\""hits86\"":92,\""NAME\"":\""Th\""},{\""hits86\"":87,\""NAME\"":\""Ga\""},{\""hits86\"":66,\""NAME\"":\""Al\""},{\""hits86\"":113,\""NAME\"":\""Va\""},{\""hits86\"":73,\""NAME\"":\""Sa\""}]"",""history"":""[[400,0.1],[500,0.1],[600,0.1],[600,0.2],[600,0.2],[600,0.2],[600,0.30000000000000004],[600,0.4]]"",""width"":600}]",,
3PR3LXCWTKKLDKW8A0QZ8UHLZG3X9S,3HFGFN16M2MFHQNO7TA5WKQIKT2ET9,Design a layout for a bar chart,"Given a bar chart, please design a layout","Chart, Layout",$0.03,Mon Aug 24 01:37:48 PDT 2020,50,BatchId:4161802;OriginalHitTemplateId:928390912;,300,259200,Mon Aug 31 01:37:48 PDT 2020,,,3X65QVEQI68VY8KGY324O9JSRPDLCT,A2E6XMF37EIERE,Submitted,Mon Aug 24 01:50:13 PDT 2020,Mon Aug 24 01:50:56 PDT 2020,Thu Aug 27 01:50:56 PDT 2020,,,,43,0% (0/0),0% (0/0),0% (0/0),"[{""band"":0.6,""data"":""[{\""hits86\"":37,\""NAME\"":\""Ne\""},{\""hits86\"":81,\""NAME\"":\""As\""},{\""hits86\"":159,\""NAME\"":\""Tr\""},{\""hits86\"":60,\""NAME\"":\""Wi\""},{\""hits86\"":169,\""NAME\"":\""Gr\""},{\""hits86\"":130,\""NAME\"":\""Da\""},{\""hits86\"":92,\""NAME\"":\""Th\""},{\""hits86\"":87,\""NAME\"":\""Ga\""},{\""hits86\"":66,\""NAME\"":\""Al\""},{\""hits86\"":113,\""NAME\"":\""Va\""},{\""hits86\"":73,\""NAME\"":\""Sa\""},{\""hits86\"":92,\""NAME\"":\""Bo\""},{\""hits86\"":98,\""NAME\"":\""Og\""},{\""hits86\"":168,\""NAME\"":\""Bu\""},{\""hits86\"":152,\""NAME\"":\""Do\""},{\""hits86\"":106,\""NAME\"":\""Ma\""},{\""hits86\"":54,\""NAME\"":\""Ru\""}]"",""history"":""[[1100,0.1],[600,0.1],[600,1],[600,0.7],[600,0.5],[600,0.6],[900,0.6],[800,0.6],[700,0.6]]"",""width"":700}]",,
3PR3LXCWTKKLDKW8A0QZ8UHLZG3X9S,3HFGFN16M2MFHQNO7TA5WKQIKT2ET9,Design a layout for a bar chart,"Given a bar chart, please design a layout","Chart, Layout",$0.03,Mon Aug 24 01:37:48 PDT 2020,50,BatchId:4161802;OriginalHitTemplateId:928390912;,300,259200,Mon Aug 31 01:37:48 PDT 2020,,,3ZV9H2YQQJSNW20W9OY54HWEJJ23W4,A2G44A4ZPWRPXU,Submitted,Mon Aug 24 01:40:07 PDT 2020,Mon Aug 24 01:40:35 PDT 2020,Thu Aug 27 01:40:35 PDT 2020,,,,28,0% (0/0),0% (0/0),0% (0/0),"[{""band"":0.5,""data"":""[{\""hits86\"":37,\""NAME\"":\""Ne\""},{\""hits86\"":81,\""NAME\"":\""As\""},{\""hits86\"":159,\""NAME\"":\""Tr\""},{\""hits86\"":60,\""NAME\"":\""Wi\""},{\""hits86\"":169,\""NAME\"":\""Gr\""},{\""hits86\"":130,\""NAME\"":\""Da\""},{\""hits86\"":92,\""NAME\"":\""Th\""},{\""hits86\"":87,\""NAME\"":\""Ga\""},{\""hits86\"":66,\""NAME\"":\""Al\""},{\""hits86\"":113,\""NAME\"":\""Va\""},{\""hits86\"":73,\""NAME\"":\""Sa\""},{\""hits86\"":92,\""NAME\"":\""Bo\""},{\""hits86\"":98,\""NAME\"":\""Og\""},{\""hits86\"":168,\""NAME\"":\""Bu\""},{\""hits86\"":152,\""NAME\"":\""Do\""},{\""hits86\"":106,\""NAME\"":\""Ma\""},{\""hits86\"":54,\""NAME\"":\""Ru\""},{\""hits86\"":46,\""NAME\"":\""Sc\""},{\""hits86\"":39,\""NAME\"":\""Be\""},{\""hits86\"":108,\""NAME\"":\""Ha\""}]"",""history"":""[[900,0.1],[900,0.5]]"",""width"":900}]",,
